Sample in Buffer,Sample in Window,TRIGGER,x[9:0],y[9:0],vsync_OBUF,hsync_OBUF,display_on,pixel_tick,x_e_reg[9:0],y_e_reg[9:0],move_cnt_reg[3:0],<const0>_1,<const0>_2,<const0>_3,<const0>_4,<const0>_5,<const0>_6,<const0>_7,<const0>_8,motion_timer_reg[20:0],e_state_reg[2:0],<const0>_9,<const0>_10,<const0>_11,<const0>_12,<const0>_13,<const0>_14,<const0>_15,<const0>_16,<const0>_17,<const0>_18,<const0>_19,<const0>_20,<const0>_21,<const0>_22,<const0>_23,<const0>_24,<const0>_25,<const0>
Radix - UNSIGNED,UNSIGNED,UNSIGNED,UNSIGNED,UNSIGNED,HEX,HEX,HEX,HEX,HEX,HEX,HEX,HEX,HEX,HEX,HEX,HEX,HEX,HEX,HEX,HEX,HEX,HEX,HEX,HEX,HEX,HEX,HEX,HEX,HEX,HEX,HEX,HEX,HEX,HEX,HEX,HEX,HEX,HEX,HEX
0,0,0,643,150,1,0,1,0,0d0,212,3,0,0,0,0,0,0,0,0,0e2dbe,0,0,0,0,0,0,0,0,0,0,0,0,0,0,0,0,0,0,0
1,1,0,643,150,1,0,1,1,0d0,212,3,0,0,0,0,0,0,0,0,0e2dbf,0,0,0,0,0,0,0,0,0,0,0,0,0,0,0,0,0,0,0
2,2,0,643,150,1,0,1,1,0d0,212,3,0,0,0,0,0,0,0,0,0e2dc0,0,0,0,0,0,0,0,0,0,0,0,0,0,0,0,0,0,0,0
3,3,0,643,150,1,0,1,0,0d0,212,3,0,0,0,0,0,0,0,0,0e2dc1,0,0,0,0,0,0,0,0,0,0,0,0,0,0,0,0,0,0,0
4,4,0,643,150,1,0,1,0,0d0,212,3,0,0,0,0,0,0,0,0,0e2dc2,0,0,0,0,0,0,0,0,0,0,0,0,0,0,0,0,0,0,0
5,5,0,643,150,1,0,1,1,0d0,212,3,0,0,0,0,0,0,0,0,0e2dc3,0,0,0,0,0,0,0,0,0,0,0,0,0,0,0,0,0,0,0
6,6,0,643,150,1,0,1,1,0d0,212,3,0,0,0,0,0,0,0,0,0e2dc4,0,0,0,0,0,0,0,0,0,0,0,0,0,0,0,0,0,0,0
7,7,0,643,150,1,0,1,0,0d0,212,3,0,0,0,0,0,0,0,0,0e2dc5,0,0,0,0,0,0,0,0,0,0,0,0,0,0,0,0,0,0,0
8,8,0,643,150,1,0,1,0,0d0,212,3,0,0,0,0,0,0,0,0,0e2dc6,0,0,0,0,0,0,0,0,0,0,0,0,0,0,0,0,0,0,0
9,9,0,643,150,1,0,1,1,0d0,212,3,0,0,0,0,0,0,0,0,0e2dc7,0,0,0,0,0,0,0,0,0,0,0,0,0,0,0,0,0,0,0
10,10,0,643,150,1,0,1,1,0d0,212,3,0,0,0,0,0,0,0,0,0e2dc8,0,0,0,0,0,0,0,0,0,0,0,0,0,0,0,0,0,0,0
11,11,0,643,150,1,0,1,0,0d0,212,3,0,0,0,0,0,0,0,0,0e2dc9,0,0,0,0,0,0,0,0,0,0,0,0,0,0,0,0,0,0,0
12,12,0,643,150,1,0,1,0,0d0,212,3,0,0,0,0,0,0,0,0,0e2dca,0,0,0,0,0,0,0,0,0,0,0,0,0,0,0,0,0,0,0
13,13,0,643,150,1,0,1,1,0d0,212,3,0,0,0,0,0,0,0,0,0e2dcb,0,0,0,0,0,0,0,0,0,0,0,0,0,0,0,0,0,0,0
14,14,0,643,150,1,0,1,1,0d0,212,3,0,0,0,0,0,0,0,0,0e2dcc,0,0,0,0,0,0,0,0,0,0,0,0,0,0,0,0,0,0,0
15,15,0,643,150,1,0,1,0,0d0,212,3,0,0,0,0,0,0,0,0,0e2dcd,0,0,0,0,0,0,0,0,0,0,0,0,0,0,0,0,0,0,0
16,16,0,643,150,1,0,1,0,0d0,212,3,0,0,0,0,0,0,0,0,0e2dce,0,0,0,0,0,0,0,0,0,0,0,0,0,0,0,0,0,0,0
17,17,0,643,150,1,0,1,1,0d0,212,3,0,0,0,0,0,0,0,0,0e2dcf,0,0,0,0,0,0,0,0,0,0,0,0,0,0,0,0,0,0,0
18,18,0,643,150,1,0,1,1,0d0,212,3,0,0,0,0,0,0,0,0,0e2dd0,0,0,0,0,0,0,0,0,0,0,0,0,0,0,0,0,0,0,0
19,19,0,643,150,1,0,1,0,0d0,212,3,0,0,0,0,0,0,0,0,0e2dd1,0,0,0,0,0,0,0,0,0,0,0,0,0,0,0,0,0,0,0
20,20,0,643,150,1,0,1,0,0d0,212,3,0,0,0,0,0,0,0,0,0e2dd2,0,0,0,0,0,0,0,0,0,0,0,0,0,0,0,0,0,0,0
21,21,0,643,150,1,0,1,1,0d0,212,3,0,0,0,0,0,0,0,0,0e2dd3,0,0,0,0,0,0,0,0,0,0,0,0,0,0,0,0,0,0,0
22,22,0,643,150,1,0,1,1,0d0,212,3,0,0,0,0,0,0,0,0,0e2dd4,0,0,0,0,0,0,0,0,0,0,0,0,0,0,0,0,0,0,0
23,23,0,643,150,1,0,1,0,0d0,212,3,0,0,0,0,0,0,0,0,0e2dd5,0,0,0,0,0,0,0,0,0,0,0,0,0,0,0,0,0,0,0
24,24,0,643,150,1,0,1,0,0d0,212,3,0,0,0,0,0,0,0,0,0e2dd6,0,0,0,0,0,0,0,0,0,0,0,0,0,0,0,0,0,0,0
25,25,0,643,150,1,0,1,1,0d0,212,3,0,0,0,0,0,0,0,0,0e2dd7,0,0,0,0,0,0,0,0,0,0,0,0,0,0,0,0,0,0,0
26,26,0,643,150,1,0,1,1,0d0,212,3,0,0,0,0,0,0,0,0,0e2dd8,0,0,0,0,0,0,0,0,0,0,0,0,0,0,0,0,0,0,0
27,27,0,643,150,1,0,1,0,0d0,212,3,0,0,0,0,0,0,0,0,0e2dd9,0,0,0,0,0,0,0,0,0,0,0,0,0,0,0,0,0,0,0
28,28,0,643,150,1,0,1,0,0d0,212,3,0,0,0,0,0,0,0,0,0e2dda,0,0,0,0,0,0,0,0,0,0,0,0,0,0,0,0,0,0,0
29,29,0,643,150,1,0,1,1,0d0,212,3,0,0,0,0,0,0,0,0,0e2ddb,0,0,0,0,0,0,0,0,0,0,0,0,0,0,0,0,0,0,0
30,30,0,643,150,1,0,1,1,0d0,212,3,0,0,0,0,0,0,0,0,0e2ddc,0,0,0,0,0,0,0,0,0,0,0,0,0,0,0,0,0,0,0
31,31,0,643,150,1,0,1,0,0d0,212,3,0,0,0,0,0,0,0,0,0e2ddd,0,0,0,0,0,0,0,0,0,0,0,0,0,0,0,0,0,0,0
32,32,0,643,150,1,0,1,0,0d0,212,3,0,0,0,0,0,0,0,0,0e2dde,0,0,0,0,0,0,0,0,0,0,0,0,0,0,0,0,0,0,0
33,33,0,643,150,1,0,1,1,0d0,212,3,0,0,0,0,0,0,0,0,0e2ddf,0,0,0,0,0,0,0,0,0,0,0,0,0,0,0,0,0,0,0
34,34,0,643,150,1,0,1,1,0d0,212,3,0,0,0,0,0,0,0,0,0e2de0,0,0,0,0,0,0,0,0,0,0,0,0,0,0,0,0,0,0,0
35,35,0,643,150,1,0,1,0,0d0,212,3,0,0,0,0,0,0,0,0,0e2de1,0,0,0,0,0,0,0,0,0,0,0,0,0,0,0,0,0,0,0
36,36,0,643,150,1,0,1,0,0d0,212,3,0,0,0,0,0,0,0,0,0e2de2,0,0,0,0,0,0,0,0,0,0,0,0,0,0,0,0,0,0,0
37,37,0,643,150,1,0,1,1,0d0,212,3,0,0,0,0,0,0,0,0,0e2de3,0,0,0,0,0,0,0,0,0,0,0,0,0,0,0,0,0,0,0
38,38,0,643,150,1,0,1,1,0d0,212,3,0,0,0,0,0,0,0,0,0e2de4,0,0,0,0,0,0,0,0,0,0,0,0,0,0,0,0,0,0,0
39,39,0,643,150,1,0,1,0,0d0,212,3,0,0,0,0,0,0,0,0,0e2de5,0,0,0,0,0,0,0,0,0,0,0,0,0,0,0,0,0,0,0
40,40,0,643,150,1,0,1,0,0d0,212,3,0,0,0,0,0,0,0,0,0e2de6,0,0,0,0,0,0,0,0,0,0,0,0,0,0,0,0,0,0,0
41,41,0,643,150,1,0,1,1,0d0,212,3,0,0,0,0,0,0,0,0,0e2de7,0,0,0,0,0,0,0,0,0,0,0,0,0,0,0,0,0,0,0
42,42,0,643,150,1,0,1,1,0d0,212,3,0,0,0,0,0,0,0,0,0e2de8,0,0,0,0,0,0,0,0,0,0,0,0,0,0,0,0,0,0,0
43,43,0,643,150,1,0,1,0,0d0,212,3,0,0,0,0,0,0,0,0,0e2de9,0,0,0,0,0,0,0,0,0,0,0,0,0,0,0,0,0,0,0
44,44,0,643,150,1,0,1,0,0d0,212,3,0,0,0,0,0,0,0,0,0e2dea,0,0,0,0,0,0,0,0,0,0,0,0,0,0,0,0,0,0,0
45,45,0,643,150,1,0,1,1,0d0,212,3,0,0,0,0,0,0,0,0,0e2deb,0,0,0,0,0,0,0,0,0,0,0,0,0,0,0,0,0,0,0
46,46,0,643,150,1,0,1,1,0d0,212,3,0,0,0,0,0,0,0,0,0e2dec,0,0,0,0,0,0,0,0,0,0,0,0,0,0,0,0,0,0,0
47,47,0,643,150,1,0,1,0,0d0,212,3,0,0,0,0,0,0,0,0,0e2ded,0,0,0,0,0,0,0,0,0,0,0,0,0,0,0,0,0,0,0
48,48,0,643,150,1,0,1,0,0d0,212,3,0,0,0,0,0,0,0,0,0e2dee,0,0,0,0,0,0,0,0,0,0,0,0,0,0,0,0,0,0,0
49,49,0,643,150,1,0,1,1,0d0,212,3,0,0,0,0,0,0,0,0,0e2def,0,0,0,0,0,0,0,0,0,0,0,0,0,0,0,0,0,0,0
50,50,0,643,150,1,0,1,1,0d0,212,3,0,0,0,0,0,0,0,0,0e2df0,0,0,0,0,0,0,0,0,0,0,0,0,0,0,0,0,0,0,0
51,51,0,643,150,1,0,1,0,0d0,212,3,0,0,0,0,0,0,0,0,0e2df1,0,0,0,0,0,0,0,0,0,0,0,0,0,0,0,0,0,0,0
52,52,0,643,150,1,0,1,0,0d0,212,3,0,0,0,0,0,0,0,0,0e2df2,0,0,0,0,0,0,0,0,0,0,0,0,0,0,0,0,0,0,0
53,53,0,643,150,1,0,1,1,0d0,212,3,0,0,0,0,0,0,0,0,0e2df3,0,0,0,0,0,0,0,0,0,0,0,0,0,0,0,0,0,0,0
54,54,0,643,150,1,0,1,1,0d0,212,3,0,0,0,0,0,0,0,0,0e2df4,0,0,0,0,0,0,0,0,0,0,0,0,0,0,0,0,0,0,0
55,55,0,643,150,1,0,1,0,0d0,212,3,0,0,0,0,0,0,0,0,0e2df5,0,0,0,0,0,0,0,0,0,0,0,0,0,0,0,0,0,0,0
56,56,0,643,150,1,0,1,0,0d0,212,3,0,0,0,0,0,0,0,0,0e2df6,0,0,0,0,0,0,0,0,0,0,0,0,0,0,0,0,0,0,0
57,57,0,643,150,1,0,1,1,0d0,212,3,0,0,0,0,0,0,0,0,0e2df7,0,0,0,0,0,0,0,0,0,0,0,0,0,0,0,0,0,0,0
58,58,0,643,150,1,0,1,1,0d0,212,3,0,0,0,0,0,0,0,0,0e2df8,0,0,0,0,0,0,0,0,0,0,0,0,0,0,0,0,0,0,0
59,59,0,643,150,1,0,1,0,0d0,212,3,0,0,0,0,0,0,0,0,0e2df9,0,0,0,0,0,0,0,0,0,0,0,0,0,0,0,0,0,0,0
60,60,0,643,150,1,0,1,0,0d0,212,3,0,0,0,0,0,0,0,0,0e2dfa,0,0,0,0,0,0,0,0,0,0,0,0,0,0,0,0,0,0,0
61,61,0,643,150,1,0,1,1,0d0,212,3,0,0,0,0,0,0,0,0,0e2dfb,0,0,0,0,0,0,0,0,0,0,0,0,0,0,0,0,0,0,0
62,62,0,643,150,1,0,1,1,0d0,212,3,0,0,0,0,0,0,0,0,0e2dfc,0,0,0,0,0,0,0,0,0,0,0,0,0,0,0,0,0,0,0
63,63,0,643,150,1,0,1,0,0d0,212,3,0,0,0,0,0,0,0,0,0e2dfd,0,0,0,0,0,0,0,0,0,0,0,0,0,0,0,0,0,0,0
64,64,0,643,150,1,0,1,0,0d0,212,3,0,0,0,0,0,0,0,0,0e2dfe,0,0,0,0,0,0,0,0,0,0,0,0,0,0,0,0,0,0,0
65,65,0,643,150,1,0,1,1,0d0,212,3,0,0,0,0,0,0,0,0,0e2dff,0,0,0,0,0,0,0,0,0,0,0,0,0,0,0,0,0,0,0
66,66,0,643,150,1,0,1,1,0d0,212,3,0,0,0,0,0,0,0,0,0e2e00,0,0,0,0,0,0,0,0,0,0,0,0,0,0,0,0,0,0,0
67,67,0,643,150,1,0,1,0,0d0,212,3,0,0,0,0,0,0,0,0,0e2e01,0,0,0,0,0,0,0,0,0,0,0,0,0,0,0,0,0,0,0
68,68,0,643,150,1,0,1,0,0d0,212,3,0,0,0,0,0,0,0,0,0e2e02,0,0,0,0,0,0,0,0,0,0,0,0,0,0,0,0,0,0,0
69,69,0,643,150,1,0,1,1,0d0,212,3,0,0,0,0,0,0,0,0,0e2e03,0,0,0,0,0,0,0,0,0,0,0,0,0,0,0,0,0,0,0
70,70,0,643,150,1,0,1,1,0d0,212,3,0,0,0,0,0,0,0,0,0e2e04,0,0,0,0,0,0,0,0,0,0,0,0,0,0,0,0,0,0,0
71,71,0,643,150,1,0,1,0,0d0,212,3,0,0,0,0,0,0,0,0,0e2e05,0,0,0,0,0,0,0,0,0,0,0,0,0,0,0,0,0,0,0
72,72,0,643,150,1,0,1,0,0d0,212,3,0,0,0,0,0,0,0,0,0e2e06,0,0,0,0,0,0,0,0,0,0,0,0,0,0,0,0,0,0,0
73,73,0,643,150,1,0,1,1,0d0,212,3,0,0,0,0,0,0,0,0,0e2e07,0,0,0,0,0,0,0,0,0,0,0,0,0,0,0,0,0,0,0
74,74,0,643,150,1,0,1,1,0d0,212,3,0,0,0,0,0,0,0,0,0e2e08,0,0,0,0,0,0,0,0,0,0,0,0,0,0,0,0,0,0,0
75,75,0,643,150,1,0,1,0,0d0,212,3,0,0,0,0,0,0,0,0,0e2e09,0,0,0,0,0,0,0,0,0,0,0,0,0,0,0,0,0,0,0
76,76,0,643,150,1,0,1,0,0d0,212,3,0,0,0,0,0,0,0,0,0e2e0a,0,0,0,0,0,0,0,0,0,0,0,0,0,0,0,0,0,0,0
77,77,0,643,150,1,0,1,1,0d0,212,3,0,0,0,0,0,0,0,0,0e2e0b,0,0,0,0,0,0,0,0,0,0,0,0,0,0,0,0,0,0,0
78,78,0,643,150,1,0,1,1,0d0,212,3,0,0,0,0,0,0,0,0,0e2e0c,0,0,0,0,0,0,0,0,0,0,0,0,0,0,0,0,0,0,0
79,79,0,643,150,1,0,1,0,0d0,212,3,0,0,0,0,0,0,0,0,0e2e0d,0,0,0,0,0,0,0,0,0,0,0,0,0,0,0,0,0,0,0
80,80,0,643,150,1,0,1,0,0d0,212,3,0,0,0,0,0,0,0,0,0e2e0e,0,0,0,0,0,0,0,0,0,0,0,0,0,0,0,0,0,0,0
81,81,0,643,150,1,0,1,1,0d0,212,3,0,0,0,0,0,0,0,0,0e2e0f,0,0,0,0,0,0,0,0,0,0,0,0,0,0,0,0,0,0,0
82,82,0,643,150,1,0,1,1,0d0,212,3,0,0,0,0,0,0,0,0,0e2e10,0,0,0,0,0,0,0,0,0,0,0,0,0,0,0,0,0,0,0
83,83,0,643,150,1,0,1,0,0d0,212,3,0,0,0,0,0,0,0,0,0e2e11,0,0,0,0,0,0,0,0,0,0,0,0,0,0,0,0,0,0,0
84,84,0,643,150,1,0,1,0,0d0,212,3,0,0,0,0,0,0,0,0,0e2e12,0,0,0,0,0,0,0,0,0,0,0,0,0,0,0,0,0,0,0
85,85,0,643,150,1,0,1,1,0d0,212,3,0,0,0,0,0,0,0,0,0e2e13,0,0,0,0,0,0,0,0,0,0,0,0,0,0,0,0,0,0,0
86,86,0,643,150,1,0,1,1,0d0,212,3,0,0,0,0,0,0,0,0,0e2e14,0,0,0,0,0,0,0,0,0,0,0,0,0,0,0,0,0,0,0
87,87,0,643,150,1,0,1,0,0d0,212,3,0,0,0,0,0,0,0,0,0e2e15,0,0,0,0,0,0,0,0,0,0,0,0,0,0,0,0,0,0,0
88,88,0,643,150,1,0,1,0,0d0,212,3,0,0,0,0,0,0,0,0,0e2e16,0,0,0,0,0,0,0,0,0,0,0,0,0,0,0,0,0,0,0
89,89,0,643,150,1,0,1,1,0d0,212,3,0,0,0,0,0,0,0,0,0e2e17,0,0,0,0,0,0,0,0,0,0,0,0,0,0,0,0,0,0,0
90,90,0,643,150,1,0,1,1,0d0,212,3,0,0,0,0,0,0,0,0,0e2e18,0,0,0,0,0,0,0,0,0,0,0,0,0,0,0,0,0,0,0
91,91,0,643,150,1,0,1,0,0d0,212,3,0,0,0,0,0,0,0,0,0e2e19,0,0,0,0,0,0,0,0,0,0,0,0,0,0,0,0,0,0,0
92,92,0,643,150,1,0,1,0,0d0,212,3,0,0,0,0,0,0,0,0,0e2e1a,0,0,0,0,0,0,0,0,0,0,0,0,0,0,0,0,0,0,0
93,93,0,643,150,1,0,1,1,0d0,212,3,0,0,0,0,0,0,0,0,0e2e1b,0,0,0,0,0,0,0,0,0,0,0,0,0,0,0,0,0,0,0
94,94,0,643,150,1,0,1,1,0d0,212,3,0,0,0,0,0,0,0,0,0e2e1c,0,0,0,0,0,0,0,0,0,0,0,0,0,0,0,0,0,0,0
95,95,0,643,150,1,0,1,0,0d0,212,3,0,0,0,0,0,0,0,0,0e2e1d,0,0,0,0,0,0,0,0,0,0,0,0,0,0,0,0,0,0,0
96,96,0,643,150,1,0,1,0,0d0,212,3,0,0,0,0,0,0,0,0,0e2e1e,0,0,0,0,0,0,0,0,0,0,0,0,0,0,0,0,0,0,0
97,97,0,643,150,1,0,1,1,0d0,212,3,0,0,0,0,0,0,0,0,0e2e1f,0,0,0,0,0,0,0,0,0,0,0,0,0,0,0,0,0,0,0
98,98,0,643,150,1,0,1,1,0d0,212,3,0,0,0,0,0,0,0,0,0e2e20,0,0,0,0,0,0,0,0,0,0,0,0,0,0,0,0,0,0,0
99,99,0,643,150,1,0,1,0,0d0,212,3,0,0,0,0,0,0,0,0,0e2e21,0,0,0,0,0,0,0,0,0,0,0,0,0,0,0,0,0,0,0
100,100,0,643,150,1,0,1,0,0d0,212,3,0,0,0,0,0,0,0,0,0e2e22,0,0,0,0,0,0,0,0,0,0,0,0,0,0,0,0,0,0,0
101,101,0,643,150,1,0,1,1,0d0,212,3,0,0,0,0,0,0,0,0,0e2e23,0,0,0,0,0,0,0,0,0,0,0,0,0,0,0,0,0,0,0
102,102,0,643,150,1,0,1,1,0d0,212,3,0,0,0,0,0,0,0,0,0e2e24,0,0,0,0,0,0,0,0,0,0,0,0,0,0,0,0,0,0,0
103,103,0,643,150,1,0,1,0,0d0,212,3,0,0,0,0,0,0,0,0,0e2e25,0,0,0,0,0,0,0,0,0,0,0,0,0,0,0,0,0,0,0
104,104,0,643,150,1,0,1,0,0d0,212,3,0,0,0,0,0,0,0,0,0e2e26,0,0,0,0,0,0,0,0,0,0,0,0,0,0,0,0,0,0,0
105,105,0,643,150,1,0,1,1,0d0,212,3,0,0,0,0,0,0,0,0,0e2e27,0,0,0,0,0,0,0,0,0,0,0,0,0,0,0,0,0,0,0
106,106,0,643,150,1,0,1,1,0d0,212,3,0,0,0,0,0,0,0,0,0e2e28,0,0,0,0,0,0,0,0,0,0,0,0,0,0,0,0,0,0,0
107,107,0,643,150,1,0,1,0,0d0,212,3,0,0,0,0,0,0,0,0,0e2e29,0,0,0,0,0,0,0,0,0,0,0,0,0,0,0,0,0,0,0
108,108,0,643,150,1,0,1,0,0d0,212,3,0,0,0,0,0,0,0,0,0e2e2a,0,0,0,0,0,0,0,0,0,0,0,0,0,0,0,0,0,0,0
109,109,0,643,150,1,0,1,1,0d0,212,3,0,0,0,0,0,0,0,0,0e2e2b,0,0,0,0,0,0,0,0,0,0,0,0,0,0,0,0,0,0,0
110,110,0,643,150,1,0,1,1,0d0,212,3,0,0,0,0,0,0,0,0,0e2e2c,0,0,0,0,0,0,0,0,0,0,0,0,0,0,0,0,0,0,0
111,111,0,643,150,1,0,1,0,0d0,212,3,0,0,0,0,0,0,0,0,0e2e2d,0,0,0,0,0,0,0,0,0,0,0,0,0,0,0,0,0,0,0
112,112,0,643,150,1,0,1,0,0d0,212,3,0,0,0,0,0,0,0,0,0e2e2e,0,0,0,0,0,0,0,0,0,0,0,0,0,0,0,0,0,0,0
113,113,0,643,150,1,0,1,1,0d0,212,3,0,0,0,0,0,0,0,0,0e2e2f,0,0,0,0,0,0,0,0,0,0,0,0,0,0,0,0,0,0,0
114,114,0,643,150,1,0,1,1,0d0,212,3,0,0,0,0,0,0,0,0,0e2e30,0,0,0,0,0,0,0,0,0,0,0,0,0,0,0,0,0,0,0
115,115,0,643,150,1,0,1,0,0d0,212,3,0,0,0,0,0,0,0,0,0e2e31,0,0,0,0,0,0,0,0,0,0,0,0,0,0,0,0,0,0,0
116,116,0,643,150,1,0,1,0,0d0,212,3,0,0,0,0,0,0,0,0,0e2e32,0,0,0,0,0,0,0,0,0,0,0,0,0,0,0,0,0,0,0
117,117,0,643,150,1,0,1,1,0d0,212,3,0,0,0,0,0,0,0,0,0e2e33,0,0,0,0,0,0,0,0,0,0,0,0,0,0,0,0,0,0,0
118,118,0,643,150,1,0,1,1,0d0,212,3,0,0,0,0,0,0,0,0,0e2e34,0,0,0,0,0,0,0,0,0,0,0,0,0,0,0,0,0,0,0
119,119,0,643,150,1,0,1,0,0d0,212,3,0,0,0,0,0,0,0,0,0e2e35,0,0,0,0,0,0,0,0,0,0,0,0,0,0,0,0,0,0,0
120,120,0,643,150,1,0,1,0,0d0,212,3,0,0,0,0,0,0,0,0,0e2e36,0,0,0,0,0,0,0,0,0,0,0,0,0,0,0,0,0,0,0
121,121,0,643,150,1,0,1,1,0d0,212,3,0,0,0,0,0,0,0,0,0e2e37,0,0,0,0,0,0,0,0,0,0,0,0,0,0,0,0,0,0,0
122,122,0,643,150,1,0,1,1,0d0,212,3,0,0,0,0,0,0,0,0,0e2e38,0,0,0,0,0,0,0,0,0,0,0,0,0,0,0,0,0,0,0
123,123,0,643,150,1,0,1,0,0d0,212,3,0,0,0,0,0,0,0,0,0e2e39,0,0,0,0,0,0,0,0,0,0,0,0,0,0,0,0,0,0,0
124,124,0,643,150,1,0,1,0,0d0,212,3,0,0,0,0,0,0,0,0,0e2e3a,0,0,0,0,0,0,0,0,0,0,0,0,0,0,0,0,0,0,0
125,125,0,643,150,1,0,1,1,0d0,212,3,0,0,0,0,0,0,0,0,0e2e3b,0,0,0,0,0,0,0,0,0,0,0,0,0,0,0,0,0,0,0
126,126,0,643,150,1,0,1,1,0d0,212,3,0,0,0,0,0,0,0,0,0e2e3c,0,0,0,0,0,0,0,0,0,0,0,0,0,0,0,0,0,0,0
127,127,0,643,150,1,0,1,0,0d0,212,3,0,0,0,0,0,0,0,0,0e2e3d,0,0,0,0,0,0,0,0,0,0,0,0,0,0,0,0,0,0,0
128,128,0,643,150,1,0,1,0,0d0,212,3,0,0,0,0,0,0,0,0,0e2e3e,0,0,0,0,0,0,0,0,0,0,0,0,0,0,0,0,0,0,0
129,129,0,643,150,1,0,1,1,0d0,212,3,0,0,0,0,0,0,0,0,0e2e3f,0,0,0,0,0,0,0,0,0,0,0,0,0,0,0,0,0,0,0
130,130,0,643,150,1,0,1,1,0d0,212,3,0,0,0,0,0,0,0,0,0e2e40,0,0,0,0,0,0,0,0,0,0,0,0,0,0,0,0,0,0,0
131,131,0,643,150,1,0,1,0,0d0,212,3,0,0,0,0,0,0,0,0,0e2e41,0,0,0,0,0,0,0,0,0,0,0,0,0,0,0,0,0,0,0
132,132,0,643,150,1,0,1,0,0d0,212,3,0,0,0,0,0,0,0,0,0e2e42,0,0,0,0,0,0,0,0,0,0,0,0,0,0,0,0,0,0,0
133,133,0,643,150,1,0,1,1,0d0,212,3,0,0,0,0,0,0,0,0,0e2e43,0,0,0,0,0,0,0,0,0,0,0,0,0,0,0,0,0,0,0
134,134,0,643,150,1,0,1,1,0d0,212,3,0,0,0,0,0,0,0,0,0e2e44,0,0,0,0,0,0,0,0,0,0,0,0,0,0,0,0,0,0,0
135,135,0,643,150,1,0,1,0,0d0,212,3,0,0,0,0,0,0,0,0,0e2e45,0,0,0,0,0,0,0,0,0,0,0,0,0,0,0,0,0,0,0
136,136,0,643,150,1,0,1,0,0d0,212,3,0,0,0,0,0,0,0,0,0e2e46,0,0,0,0,0,0,0,0,0,0,0,0,0,0,0,0,0,0,0
137,137,0,643,150,1,0,1,1,0d0,212,3,0,0,0,0,0,0,0,0,0e2e47,0,0,0,0,0,0,0,0,0,0,0,0,0,0,0,0,0,0,0
138,138,0,643,150,1,0,1,1,0d0,212,3,0,0,0,0,0,0,0,0,0e2e48,0,0,0,0,0,0,0,0,0,0,0,0,0,0,0,0,0,0,0
139,139,0,643,150,1,0,1,0,0d0,212,3,0,0,0,0,0,0,0,0,0e2e49,0,0,0,0,0,0,0,0,0,0,0,0,0,0,0,0,0,0,0
140,140,0,643,150,1,0,1,0,0d0,212,3,0,0,0,0,0,0,0,0,0e2e4a,0,0,0,0,0,0,0,0,0,0,0,0,0,0,0,0,0,0,0
141,141,0,643,150,1,0,1,1,0d0,212,3,0,0,0,0,0,0,0,0,0e2e4b,0,0,0,0,0,0,0,0,0,0,0,0,0,0,0,0,0,0,0
142,142,0,643,150,1,0,1,1,0d0,212,3,0,0,0,0,0,0,0,0,0e2e4c,0,0,0,0,0,0,0,0,0,0,0,0,0,0,0,0,0,0,0
143,143,0,643,150,1,0,1,0,0d0,212,3,0,0,0,0,0,0,0,0,0e2e4d,0,0,0,0,0,0,0,0,0,0,0,0,0,0,0,0,0,0,0
144,144,0,643,150,1,0,1,0,0d0,212,3,0,0,0,0,0,0,0,0,0e2e4e,0,0,0,0,0,0,0,0,0,0,0,0,0,0,0,0,0,0,0
145,145,0,643,150,1,0,1,1,0d0,212,3,0,0,0,0,0,0,0,0,0e2e4f,0,0,0,0,0,0,0,0,0,0,0,0,0,0,0,0,0,0,0
146,146,0,643,150,1,0,1,1,0d0,212,3,0,0,0,0,0,0,0,0,0e2e50,0,0,0,0,0,0,0,0,0,0,0,0,0,0,0,0,0,0,0
147,147,0,643,150,1,0,1,0,0d0,212,3,0,0,0,0,0,0,0,0,0e2e51,0,0,0,0,0,0,0,0,0,0,0,0,0,0,0,0,0,0,0
148,148,0,643,150,1,0,1,0,0d0,212,3,0,0,0,0,0,0,0,0,0e2e52,0,0,0,0,0,0,0,0,0,0,0,0,0,0,0,0,0,0,0
149,149,0,643,150,1,0,1,1,0d0,212,3,0,0,0,0,0,0,0,0,0e2e53,0,0,0,0,0,0,0,0,0,0,0,0,0,0,0,0,0,0,0
150,150,0,643,150,1,0,1,1,0d0,212,3,0,0,0,0,0,0,0,0,0e2e54,0,0,0,0,0,0,0,0,0,0,0,0,0,0,0,0,0,0,0
151,151,0,643,150,1,0,1,0,0d0,212,3,0,0,0,0,0,0,0,0,0e2e55,0,0,0,0,0,0,0,0,0,0,0,0,0,0,0,0,0,0,0
152,152,0,643,150,1,0,1,0,0d0,212,3,0,0,0,0,0,0,0,0,0e2e56,0,0,0,0,0,0,0,0,0,0,0,0,0,0,0,0,0,0,0
153,153,0,643,150,1,1,1,1,0d0,212,3,0,0,0,0,0,0,0,0,0e2e57,0,0,0,0,0,0,0,0,0,0,0,0,0,0,0,0,0,0,0
154,154,0,643,150,1,1,1,1,0d0,212,3,0,0,0,0,0,0,0,0,0e2e58,0,0,0,0,0,0,0,0,0,0,0,0,0,0,0,0,0,0,0
155,155,0,643,150,1,1,1,0,0d0,212,3,0,0,0,0,0,0,0,0,0e2e59,0,0,0,0,0,0,0,0,0,0,0,0,0,0,0,0,0,0,0
156,156,0,643,150,1,1,1,0,0d0,212,3,0,0,0,0,0,0,0,0,0e2e5a,0,0,0,0,0,0,0,0,0,0,0,0,0,0,0,0,0,0,0
157,157,0,643,150,1,1,1,1,0d0,212,3,0,0,0,0,0,0,0,0,0e2e5b,0,0,0,0,0,0,0,0,0,0,0,0,0,0,0,0,0,0,0
158,158,0,643,150,1,1,1,1,0d0,212,3,0,0,0,0,0,0,0,0,0e2e5c,0,0,0,0,0,0,0,0,0,0,0,0,0,0,0,0,0,0,0
159,159,0,643,150,1,1,1,0,0d0,212,3,0,0,0,0,0,0,0,0,0e2e5d,0,0,0,0,0,0,0,0,0,0,0,0,0,0,0,0,0,0,0
160,160,0,643,150,1,1,1,0,0d0,212,3,0,0,0,0,0,0,0,0,0e2e5e,0,0,0,0,0,0,0,0,0,0,0,0,0,0,0,0,0,0,0
161,161,0,643,150,1,1,1,1,0d0,212,3,0,0,0,0,0,0,0,0,0e2e5f,0,0,0,0,0,0,0,0,0,0,0,0,0,0,0,0,0,0,0
162,162,0,643,150,1,1,1,1,0d0,212,3,0,0,0,0,0,0,0,0,0e2e60,0,0,0,0,0,0,0,0,0,0,0,0,0,0,0,0,0,0,0
163,163,0,643,150,1,1,1,0,0d0,212,3,0,0,0,0,0,0,0,0,0e2e61,0,0,0,0,0,0,0,0,0,0,0,0,0,0,0,0,0,0,0
164,164,0,643,150,1,1,1,0,0d0,212,3,0,0,0,0,0,0,0,0,0e2e62,0,0,0,0,0,0,0,0,0,0,0,0,0,0,0,0,0,0,0
165,165,0,643,150,1,1,1,1,0d0,212,3,0,0,0,0,0,0,0,0,0e2e63,0,0,0,0,0,0,0,0,0,0,0,0,0,0,0,0,0,0,0
166,166,0,643,150,1,1,1,1,0d0,212,3,0,0,0,0,0,0,0,0,0e2e64,0,0,0,0,0,0,0,0,0,0,0,0,0,0,0,0,0,0,0
167,167,0,643,150,1,1,1,0,0d0,212,3,0,0,0,0,0,0,0,0,0e2e65,0,0,0,0,0,0,0,0,0,0,0,0,0,0,0,0,0,0,0
168,168,0,643,150,1,1,1,0,0d0,212,3,0,0,0,0,0,0,0,0,0e2e66,0,0,0,0,0,0,0,0,0,0,0,0,0,0,0,0,0,0,0
169,169,0,643,150,1,1,1,1,0d0,212,3,0,0,0,0,0,0,0,0,0e2e67,0,0,0,0,0,0,0,0,0,0,0,0,0,0,0,0,0,0,0
170,170,0,643,150,1,1,1,1,0d0,212,3,0,0,0,0,0,0,0,0,0e2e68,0,0,0,0,0,0,0,0,0,0,0,0,0,0,0,0,0,0,0
171,171,0,643,150,1,1,1,0,0d0,212,3,0,0,0,0,0,0,0,0,0e2e69,0,0,0,0,0,0,0,0,0,0,0,0,0,0,0,0,0,0,0
172,172,0,643,150,1,1,1,0,0d0,212,3,0,0,0,0,0,0,0,0,0e2e6a,0,0,0,0,0,0,0,0,0,0,0,0,0,0,0,0,0,0,0
173,173,0,643,150,1,1,1,1,0d0,212,3,0,0,0,0,0,0,0,0,0e2e6b,0,0,0,0,0,0,0,0,0,0,0,0,0,0,0,0,0,0,0
174,174,0,643,150,1,1,1,1,0d0,212,3,0,0,0,0,0,0,0,0,0e2e6c,0,0,0,0,0,0,0,0,0,0,0,0,0,0,0,0,0,0,0
175,175,0,643,150,1,1,1,0,0d0,212,3,0,0,0,0,0,0,0,0,0e2e6d,0,0,0,0,0,0,0,0,0,0,0,0,0,0,0,0,0,0,0
176,176,0,643,150,1,1,1,0,0d0,212,3,0,0,0,0,0,0,0,0,0e2e6e,0,0,0,0,0,0,0,0,0,0,0,0,0,0,0,0,0,0,0
177,177,0,643,150,1,1,1,1,0d0,212,3,0,0,0,0,0,0,0,0,0e2e6f,0,0,0,0,0,0,0,0,0,0,0,0,0,0,0,0,0,0,0
178,178,0,643,150,1,1,1,1,0d0,212,3,0,0,0,0,0,0,0,0,0e2e70,0,0,0,0,0,0,0,0,0,0,0,0,0,0,0,0,0,0,0
179,179,0,643,150,1,1,1,0,0d0,212,3,0,0,0,0,0,0,0,0,0e2e71,0,0,0,0,0,0,0,0,0,0,0,0,0,0,0,0,0,0,0
180,180,0,643,150,1,1,1,0,0d0,212,3,0,0,0,0,0,0,0,0,0e2e72,0,0,0,0,0,0,0,0,0,0,0,0,0,0,0,0,0,0,0
181,181,0,643,150,1,1,1,1,0d0,212,3,0,0,0,0,0,0,0,0,0e2e73,0,0,0,0,0,0,0,0,0,0,0,0,0,0,0,0,0,0,0
182,182,0,643,150,1,1,1,1,0d0,212,3,0,0,0,0,0,0,0,0,0e2e74,0,0,0,0,0,0,0,0,0,0,0,0,0,0,0,0,0,0,0
183,183,0,643,150,1,1,1,0,0d0,212,3,0,0,0,0,0,0,0,0,0e2e75,0,0,0,0,0,0,0,0,0,0,0,0,0,0,0,0,0,0,0
184,184,0,643,150,1,1,1,0,0d0,212,3,0,0,0,0,0,0,0,0,0e2e76,0,0,0,0,0,0,0,0,0,0,0,0,0,0,0,0,0,0,0
185,185,0,643,150,1,1,1,1,0d0,212,3,0,0,0,0,0,0,0,0,0e2e77,0,0,0,0,0,0,0,0,0,0,0,0,0,0,0,0,0,0,0
186,186,0,643,150,1,1,1,1,0d0,212,3,0,0,0,0,0,0,0,0,0e2e78,0,0,0,0,0,0,0,0,0,0,0,0,0,0,0,0,0,0,0
187,187,0,643,150,1,1,1,0,0d0,212,3,0,0,0,0,0,0,0,0,0e2e79,0,0,0,0,0,0,0,0,0,0,0,0,0,0,0,0,0,0,0
188,188,0,643,150,1,1,1,0,0d0,212,3,0,0,0,0,0,0,0,0,0e2e7a,0,0,0,0,0,0,0,0,0,0,0,0,0,0,0,0,0,0,0
189,189,0,643,150,1,1,1,1,0d0,212,3,0,0,0,0,0,0,0,0,0e2e7b,0,0,0,0,0,0,0,0,0,0,0,0,0,0,0,0,0,0,0
190,190,0,643,150,1,1,1,1,0d0,212,3,0,0,0,0,0,0,0,0,0e2e7c,0,0,0,0,0,0,0,0,0,0,0,0,0,0,0,0,0,0,0
191,191,0,643,150,1,1,1,0,0d0,212,3,0,0,0,0,0,0,0,0,0e2e7d,0,0,0,0,0,0,0,0,0,0,0,0,0,0,0,0,0,0,0
192,192,0,643,150,1,1,1,0,0d0,212,3,0,0,0,0,0,0,0,0,0e2e7e,0,0,0,0,0,0,0,0,0,0,0,0,0,0,0,0,0,0,0
193,193,0,643,150,1,1,1,1,0d0,212,3,0,0,0,0,0,0,0,0,0e2e7f,0,0,0,0,0,0,0,0,0,0,0,0,0,0,0,0,0,0,0
194,194,0,643,150,1,1,1,1,0d0,212,3,0,0,0,0,0,0,0,0,0e2e80,0,0,0,0,0,0,0,0,0,0,0,0,0,0,0,0,0,0,0
195,195,0,643,150,1,1,1,0,0d0,212,3,0,0,0,0,0,0,0,0,0e2e81,0,0,0,0,0,0,0,0,0,0,0,0,0,0,0,0,0,0,0
196,196,0,643,150,1,1,1,0,0d0,212,3,0,0,0,0,0,0,0,0,0e2e82,0,0,0,0,0,0,0,0,0,0,0,0,0,0,0,0,0,0,0
197,197,0,643,150,1,1,1,1,0d0,212,3,0,0,0,0,0,0,0,0,0e2e83,0,0,0,0,0,0,0,0,0,0,0,0,0,0,0,0,0,0,0
198,198,0,643,150,1,1,1,1,0d0,212,3,0,0,0,0,0,0,0,0,0e2e84,0,0,0,0,0,0,0,0,0,0,0,0,0,0,0,0,0,0,0
199,199,0,643,150,1,1,1,0,0d0,212,3,0,0,0,0,0,0,0,0,0e2e85,0,0,0,0,0,0,0,0,0,0,0,0,0,0,0,0,0,0,0
200,200,0,643,150,1,1,1,0,0d0,212,3,0,0,0,0,0,0,0,0,0e2e86,0,0,0,0,0,0,0,0,0,0,0,0,0,0,0,0,0,0,0
201,201,0,643,150,1,1,1,1,0d0,212,3,0,0,0,0,0,0,0,0,0e2e87,0,0,0,0,0,0,0,0,0,0,0,0,0,0,0,0,0,0,0
202,202,0,643,150,1,1,1,1,0d0,212,3,0,0,0,0,0,0,0,0,0e2e88,0,0,0,0,0,0,0,0,0,0,0,0,0,0,0,0,0,0,0
203,203,0,643,150,1,1,1,0,0d0,212,3,0,0,0,0,0,0,0,0,0e2e89,0,0,0,0,0,0,0,0,0,0,0,0,0,0,0,0,0,0,0
204,204,0,643,150,1,1,1,0,0d0,212,3,0,0,0,0,0,0,0,0,0e2e8a,0,0,0,0,0,0,0,0,0,0,0,0,0,0,0,0,0,0,0
205,205,0,643,150,1,1,1,1,0d0,212,3,0,0,0,0,0,0,0,0,0e2e8b,0,0,0,0,0,0,0,0,0,0,0,0,0,0,0,0,0,0,0
206,206,0,643,150,1,1,1,1,0d0,212,3,0,0,0,0,0,0,0,0,0e2e8c,0,0,0,0,0,0,0,0,0,0,0,0,0,0,0,0,0,0,0
207,207,0,643,150,1,1,1,0,0d0,212,3,0,0,0,0,0,0,0,0,0e2e8d,0,0,0,0,0,0,0,0,0,0,0,0,0,0,0,0,0,0,0
208,208,0,643,150,1,1,1,0,0d0,212,3,0,0,0,0,0,0,0,0,0e2e8e,0,0,0,0,0,0,0,0,0,0,0,0,0,0,0,0,0,0,0
209,209,0,643,150,1,1,1,1,0d0,212,3,0,0,0,0,0,0,0,0,0e2e8f,0,0,0,0,0,0,0,0,0,0,0,0,0,0,0,0,0,0,0
210,210,0,643,150,1,1,1,1,0d0,212,3,0,0,0,0,0,0,0,0,0e2e90,0,0,0,0,0,0,0,0,0,0,0,0,0,0,0,0,0,0,0
211,211,0,643,150,1,1,1,0,0d0,212,3,0,0,0,0,0,0,0,0,0e2e91,0,0,0,0,0,0,0,0,0,0,0,0,0,0,0,0,0,0,0
212,212,0,643,150,1,1,1,0,0d0,212,3,0,0,0,0,0,0,0,0,0e2e92,0,0,0,0,0,0,0,0,0,0,0,0,0,0,0,0,0,0,0
213,213,0,643,150,1,1,1,1,0d0,212,3,0,0,0,0,0,0,0,0,0e2e93,0,0,0,0,0,0,0,0,0,0,0,0,0,0,0,0,0,0,0
214,214,0,643,150,1,1,1,1,0d0,212,3,0,0,0,0,0,0,0,0,0e2e94,0,0,0,0,0,0,0,0,0,0,0,0,0,0,0,0,0,0,0
215,215,0,643,150,1,1,1,0,0d0,212,3,0,0,0,0,0,0,0,0,0e2e95,0,0,0,0,0,0,0,0,0,0,0,0,0,0,0,0,0,0,0
216,216,0,643,150,1,1,1,0,0d0,212,3,0,0,0,0,0,0,0,0,0e2e96,0,0,0,0,0,0,0,0,0,0,0,0,0,0,0,0,0,0,0
217,217,0,643,150,1,1,1,1,0d0,212,3,0,0,0,0,0,0,0,0,0e2e97,0,0,0,0,0,0,0,0,0,0,0,0,0,0,0,0,0,0,0
218,218,0,643,150,1,1,1,1,0d0,212,3,0,0,0,0,0,0,0,0,0e2e98,0,0,0,0,0,0,0,0,0,0,0,0,0,0,0,0,0,0,0
219,219,0,643,150,1,1,1,0,0d0,212,3,0,0,0,0,0,0,0,0,0e2e99,0,0,0,0,0,0,0,0,0,0,0,0,0,0,0,0,0,0,0
220,220,0,643,150,1,1,1,0,0d0,212,3,0,0,0,0,0,0,0,0,0e2e9a,0,0,0,0,0,0,0,0,0,0,0,0,0,0,0,0,0,0,0
221,221,0,643,150,1,1,1,1,0d0,212,3,0,0,0,0,0,0,0,0,0e2e9b,0,0,0,0,0,0,0,0,0,0,0,0,0,0,0,0,0,0,0
222,222,0,643,150,1,1,1,1,0d0,212,3,0,0,0,0,0,0,0,0,0e2e9c,0,0,0,0,0,0,0,0,0,0,0,0,0,0,0,0,0,0,0
223,223,0,643,150,1,1,1,0,0d0,212,3,0,0,0,0,0,0,0,0,0e2e9d,0,0,0,0,0,0,0,0,0,0,0,0,0,0,0,0,0,0,0
224,224,0,643,150,1,1,1,0,0d0,212,3,0,0,0,0,0,0,0,0,0e2e9e,0,0,0,0,0,0,0,0,0,0,0,0,0,0,0,0,0,0,0
225,225,0,643,150,1,1,1,1,0d0,212,3,0,0,0,0,0,0,0,0,0e2e9f,0,0,0,0,0,0,0,0,0,0,0,0,0,0,0,0,0,0,0
226,226,0,643,150,1,1,1,1,0d0,212,3,0,0,0,0,0,0,0,0,0e2ea0,0,0,0,0,0,0,0,0,0,0,0,0,0,0,0,0,0,0,0
227,227,0,643,150,1,1,1,0,0d0,212,3,0,0,0,0,0,0,0,0,0e2ea1,0,0,0,0,0,0,0,0,0,0,0,0,0,0,0,0,0,0,0
228,228,0,643,150,1,1,1,0,0d0,212,3,0,0,0,0,0,0,0,0,0e2ea2,0,0,0,0,0,0,0,0,0,0,0,0,0,0,0,0,0,0,0
229,229,0,643,150,1,1,1,1,0d0,212,3,0,0,0,0,0,0,0,0,0e2ea3,0,0,0,0,0,0,0,0,0,0,0,0,0,0,0,0,0,0,0
230,230,0,643,150,1,1,1,1,0d0,212,3,0,0,0,0,0,0,0,0,0e2ea4,0,0,0,0,0,0,0,0,0,0,0,0,0,0,0,0,0,0,0
231,231,0,643,150,1,1,1,0,0d0,212,3,0,0,0,0,0,0,0,0,0e2ea5,0,0,0,0,0,0,0,0,0,0,0,0,0,0,0,0,0,0,0
232,232,0,643,150,1,1,1,0,0d0,212,3,0,0,0,0,0,0,0,0,0e2ea6,0,0,0,0,0,0,0,0,0,0,0,0,0,0,0,0,0,0,0
233,233,0,643,150,1,1,1,1,0d0,212,3,0,0,0,0,0,0,0,0,0e2ea7,0,0,0,0,0,0,0,0,0,0,0,0,0,0,0,0,0,0,0
234,234,0,643,150,1,1,1,1,0d0,212,3,0,0,0,0,0,0,0,0,0e2ea8,0,0,0,0,0,0,0,0,0,0,0,0,0,0,0,0,0,0,0
235,235,0,643,150,1,1,1,0,0d0,212,3,0,0,0,0,0,0,0,0,0e2ea9,0,0,0,0,0,0,0,0,0,0,0,0,0,0,0,0,0,0,0
236,236,0,643,150,1,1,1,0,0d0,212,3,0,0,0,0,0,0,0,0,0e2eaa,0,0,0,0,0,0,0,0,0,0,0,0,0,0,0,0,0,0,0
237,237,0,643,150,1,1,1,1,0d0,212,3,0,0,0,0,0,0,0,0,0e2eab,0,0,0,0,0,0,0,0,0,0,0,0,0,0,0,0,0,0,0
238,238,0,643,150,1,1,1,1,0d0,212,3,0,0,0,0,0,0,0,0,0e2eac,0,0,0,0,0,0,0,0,0,0,0,0,0,0,0,0,0,0,0
239,239,0,643,150,1,1,1,0,0d0,212,3,0,0,0,0,0,0,0,0,0e2ead,0,0,0,0,0,0,0,0,0,0,0,0,0,0,0,0,0,0,0
240,240,0,643,150,1,1,1,0,0d0,212,3,0,0,0,0,0,0,0,0,0e2eae,0,0,0,0,0,0,0,0,0,0,0,0,0,0,0,0,0,0,0
241,241,0,643,150,1,1,1,1,0d0,212,3,0,0,0,0,0,0,0,0,0e2eaf,0,0,0,0,0,0,0,0,0,0,0,0,0,0,0,0,0,0,0
242,242,0,643,150,1,1,1,1,0d0,212,3,0,0,0,0,0,0,0,0,0e2eb0,0,0,0,0,0,0,0,0,0,0,0,0,0,0,0,0,0,0,0
243,243,0,643,150,1,1,1,0,0d0,212,3,0,0,0,0,0,0,0,0,0e2eb1,0,0,0,0,0,0,0,0,0,0,0,0,0,0,0,0,0,0,0
244,244,0,643,150,1,1,1,0,0d0,212,3,0,0,0,0,0,0,0,0,0e2eb2,0,0,0,0,0,0,0,0,0,0,0,0,0,0,0,0,0,0,0
245,245,0,643,150,1,1,1,1,0d0,212,3,0,0,0,0,0,0,0,0,0e2eb3,0,0,0,0,0,0,0,0,0,0,0,0,0,0,0,0,0,0,0
246,246,0,643,150,1,1,1,1,0d0,212,3,0,0,0,0,0,0,0,0,0e2eb4,0,0,0,0,0,0,0,0,0,0,0,0,0,0,0,0,0,0,0
247,247,0,643,150,1,1,1,0,0d0,212,3,0,0,0,0,0,0,0,0,0e2eb5,0,0,0,0,0,0,0,0,0,0,0,0,0,0,0,0,0,0,0
248,248,0,643,150,1,1,1,0,0d0,212,3,0,0,0,0,0,0,0,0,0e2eb6,0,0,0,0,0,0,0,0,0,0,0,0,0,0,0,0,0,0,0
249,249,0,643,150,1,1,1,1,0d0,212,3,0,0,0,0,0,0,0,0,0e2eb7,0,0,0,0,0,0,0,0,0,0,0,0,0,0,0,0,0,0,0
250,250,0,643,150,1,1,1,1,0d0,212,3,0,0,0,0,0,0,0,0,0e2eb8,0,0,0,0,0,0,0,0,0,0,0,0,0,0,0,0,0,0,0
251,251,0,643,150,1,1,1,0,0d0,212,3,0,0,0,0,0,0,0,0,0e2eb9,0,0,0,0,0,0,0,0,0,0,0,0,0,0,0,0,0,0,0
252,252,0,643,150,1,1,1,0,0d0,212,3,0,0,0,0,0,0,0,0,0e2eba,0,0,0,0,0,0,0,0,0,0,0,0,0,0,0,0,0,0,0
253,253,0,643,150,1,1,1,1,0d0,212,3,0,0,0,0,0,0,0,0,0e2ebb,0,0,0,0,0,0,0,0,0,0,0,0,0,0,0,0,0,0,0
254,254,0,643,150,1,1,1,1,0d0,212,3,0,0,0,0,0,0,0,0,0e2ebc,0,0,0,0,0,0,0,0,0,0,0,0,0,0,0,0,0,0,0
255,255,0,643,150,1,1,1,0,0d0,212,3,0,0,0,0,0,0,0,0,0e2ebd,0,0,0,0,0,0,0,0,0,0,0,0,0,0,0,0,0,0,0
256,256,0,643,150,1,1,1,0,0d0,212,3,0,0,0,0,0,0,0,0,0e2ebe,0,0,0,0,0,0,0,0,0,0,0,0,0,0,0,0,0,0,0
257,257,0,643,150,1,1,1,1,0d0,212,3,0,0,0,0,0,0,0,0,0e2ebf,0,0,0,0,0,0,0,0,0,0,0,0,0,0,0,0,0,0,0
258,258,0,643,150,1,1,1,1,0d0,212,3,0,0,0,0,0,0,0,0,0e2ec0,0,0,0,0,0,0,0,0,0,0,0,0,0,0,0,0,0,0,0
259,259,0,643,150,1,1,1,0,0d0,212,3,0,0,0,0,0,0,0,0,0e2ec1,0,0,0,0,0,0,0,0,0,0,0,0,0,0,0,0,0,0,0
260,260,0,643,150,1,1,1,0,0d0,212,3,0,0,0,0,0,0,0,0,0e2ec2,0,0,0,0,0,0,0,0,0,0,0,0,0,0,0,0,0,0,0
261,261,0,643,150,1,1,1,1,0d0,212,3,0,0,0,0,0,0,0,0,0e2ec3,0,0,0,0,0,0,0,0,0,0,0,0,0,0,0,0,0,0,0
262,262,0,643,150,1,1,1,1,0d0,212,3,0,0,0,0,0,0,0,0,0e2ec4,0,0,0,0,0,0,0,0,0,0,0,0,0,0,0,0,0,0,0
263,263,0,643,150,1,1,1,0,0d0,212,3,0,0,0,0,0,0,0,0,0e2ec5,0,0,0,0,0,0,0,0,0,0,0,0,0,0,0,0,0,0,0
264,264,0,643,150,1,1,1,0,0d0,212,3,0,0,0,0,0,0,0,0,0e2ec6,0,0,0,0,0,0,0,0,0,0,0,0,0,0,0,0,0,0,0
265,265,0,643,150,1,1,1,1,0d0,212,3,0,0,0,0,0,0,0,0,0e2ec7,0,0,0,0,0,0,0,0,0,0,0,0,0,0,0,0,0,0,0
266,266,0,643,150,1,1,1,1,0d0,212,3,0,0,0,0,0,0,0,0,0e2ec8,0,0,0,0,0,0,0,0,0,0,0,0,0,0,0,0,0,0,0
267,267,0,643,150,1,1,1,0,0d0,212,3,0,0,0,0,0,0,0,0,0e2ec9,0,0,0,0,0,0,0,0,0,0,0,0,0,0,0,0,0,0,0
268,268,0,643,150,1,1,1,0,0d0,212,3,0,0,0,0,0,0,0,0,0e2eca,0,0,0,0,0,0,0,0,0,0,0,0,0,0,0,0,0,0,0
269,269,0,643,150,1,1,1,1,0d0,212,3,0,0,0,0,0,0,0,0,0e2ecb,0,0,0,0,0,0,0,0,0,0,0,0,0,0,0,0,0,0,0
270,270,0,643,150,1,1,1,1,0d0,212,3,0,0,0,0,0,0,0,0,0e2ecc,0,0,0,0,0,0,0,0,0,0,0,0,0,0,0,0,0,0,0
271,271,0,643,150,1,1,1,0,0d0,212,3,0,0,0,0,0,0,0,0,0e2ecd,0,0,0,0,0,0,0,0,0,0,0,0,0,0,0,0,0,0,0
272,272,0,643,150,1,1,1,0,0d0,212,3,0,0,0,0,0,0,0,0,0e2ece,0,0,0,0,0,0,0,0,0,0,0,0,0,0,0,0,0,0,0
273,273,0,643,150,1,1,1,1,0d0,212,3,0,0,0,0,0,0,0,0,0e2ecf,0,0,0,0,0,0,0,0,0,0,0,0,0,0,0,0,0,0,0
274,274,0,643,150,1,1,1,1,0d0,212,3,0,0,0,0,0,0,0,0,0e2ed0,0,0,0,0,0,0,0,0,0,0,0,0,0,0,0,0,0,0,0
275,275,0,643,150,1,1,1,0,0d0,212,3,0,0,0,0,0,0,0,0,0e2ed1,0,0,0,0,0,0,0,0,0,0,0,0,0,0,0,0,0,0,0
276,276,0,643,150,1,1,1,0,0d0,212,3,0,0,0,0,0,0,0,0,0e2ed2,0,0,0,0,0,0,0,0,0,0,0,0,0,0,0,0,0,0,0
277,277,0,643,150,1,1,1,1,0d0,212,3,0,0,0,0,0,0,0,0,0e2ed3,0,0,0,0,0,0,0,0,0,0,0,0,0,0,0,0,0,0,0
278,278,0,643,150,1,1,1,1,0d0,212,3,0,0,0,0,0,0,0,0,0e2ed4,0,0,0,0,0,0,0,0,0,0,0,0,0,0,0,0,0,0,0
279,279,0,643,150,1,1,1,0,0d0,212,3,0,0,0,0,0,0,0,0,0e2ed5,0,0,0,0,0,0,0,0,0,0,0,0,0,0,0,0,0,0,0
280,280,0,643,150,1,1,1,0,0d0,212,3,0,0,0,0,0,0,0,0,0e2ed6,0,0,0,0,0,0,0,0,0,0,0,0,0,0,0,0,0,0,0
281,281,0,643,150,1,1,1,1,0d0,212,3,0,0,0,0,0,0,0,0,0e2ed7,0,0,0,0,0,0,0,0,0,0,0,0,0,0,0,0,0,0,0
282,282,0,643,150,1,1,1,1,0d0,212,3,0,0,0,0,0,0,0,0,0e2ed8,0,0,0,0,0,0,0,0,0,0,0,0,0,0,0,0,0,0,0
283,283,0,643,150,1,1,1,0,0d0,212,3,0,0,0,0,0,0,0,0,0e2ed9,0,0,0,0,0,0,0,0,0,0,0,0,0,0,0,0,0,0,0
284,284,0,643,150,1,1,1,0,0d0,212,3,0,0,0,0,0,0,0,0,0e2eda,0,0,0,0,0,0,0,0,0,0,0,0,0,0,0,0,0,0,0
285,285,0,643,150,1,1,1,1,0d0,212,3,0,0,0,0,0,0,0,0,0e2edb,0,0,0,0,0,0,0,0,0,0,0,0,0,0,0,0,0,0,0
286,286,0,643,150,1,1,1,1,0d0,212,3,0,0,0,0,0,0,0,0,0e2edc,0,0,0,0,0,0,0,0,0,0,0,0,0,0,0,0,0,0,0
287,287,0,643,150,1,1,1,0,0d0,212,3,0,0,0,0,0,0,0,0,0e2edd,0,0,0,0,0,0,0,0,0,0,0,0,0,0,0,0,0,0,0
288,288,0,643,150,1,1,1,0,0d0,212,3,0,0,0,0,0,0,0,0,0e2ede,0,0,0,0,0,0,0,0,0,0,0,0,0,0,0,0,0,0,0
289,289,0,643,150,1,1,1,1,0d0,212,3,0,0,0,0,0,0,0,0,0e2edf,0,0,0,0,0,0,0,0,0,0,0,0,0,0,0,0,0,0,0
290,290,0,643,150,1,1,1,1,0d0,212,3,0,0,0,0,0,0,0,0,0e2ee0,0,0,0,0,0,0,0,0,0,0,0,0,0,0,0,0,0,0,0
291,291,0,643,150,1,1,1,0,0d0,212,3,0,0,0,0,0,0,0,0,0e2ee1,0,0,0,0,0,0,0,0,0,0,0,0,0,0,0,0,0,0,0
292,292,0,643,150,1,1,1,0,0d0,212,3,0,0,0,0,0,0,0,0,0e2ee2,0,0,0,0,0,0,0,0,0,0,0,0,0,0,0,0,0,0,0
293,293,0,643,150,1,1,1,1,0d0,212,3,0,0,0,0,0,0,0,0,0e2ee3,0,0,0,0,0,0,0,0,0,0,0,0,0,0,0,0,0,0,0
294,294,0,643,150,1,1,1,1,0d0,212,3,0,0,0,0,0,0,0,0,0e2ee4,0,0,0,0,0,0,0,0,0,0,0,0,0,0,0,0,0,0,0
295,295,0,643,150,1,1,1,0,0d0,212,3,0,0,0,0,0,0,0,0,0e2ee5,0,0,0,0,0,0,0,0,0,0,0,0,0,0,0,0,0,0,0
296,296,0,643,150,1,1,1,0,0d0,212,3,0,0,0,0,0,0,0,0,0e2ee6,0,0,0,0,0,0,0,0,0,0,0,0,0,0,0,0,0,0,0
297,297,0,643,150,1,1,1,1,0d0,212,3,0,0,0,0,0,0,0,0,0e2ee7,0,0,0,0,0,0,0,0,0,0,0,0,0,0,0,0,0,0,0
298,298,0,643,150,1,1,1,1,0d0,212,3,0,0,0,0,0,0,0,0,0e2ee8,0,0,0,0,0,0,0,0,0,0,0,0,0,0,0,0,0,0,0
299,299,0,643,150,1,1,1,0,0d0,212,3,0,0,0,0,0,0,0,0,0e2ee9,0,0,0,0,0,0,0,0,0,0,0,0,0,0,0,0,0,0,0
300,300,0,643,150,1,1,1,0,0d0,212,3,0,0,0,0,0,0,0,0,0e2eea,0,0,0,0,0,0,0,0,0,0,0,0,0,0,0,0,0,0,0
301,301,0,643,150,1,1,1,1,0d0,212,3,0,0,0,0,0,0,0,0,0e2eeb,0,0,0,0,0,0,0,0,0,0,0,0,0,0,0,0,0,0,0
302,302,0,643,150,1,1,1,1,0d0,212,3,0,0,0,0,0,0,0,0,0e2eec,0,0,0,0,0,0,0,0,0,0,0,0,0,0,0,0,0,0,0
303,303,0,643,150,1,1,1,0,0d0,212,3,0,0,0,0,0,0,0,0,0e2eed,0,0,0,0,0,0,0,0,0,0,0,0,0,0,0,0,0,0,0
304,304,0,643,150,1,1,1,0,0d0,212,3,0,0,0,0,0,0,0,0,0e2eee,0,0,0,0,0,0,0,0,0,0,0,0,0,0,0,0,0,0,0
305,305,0,643,150,1,1,1,1,0d0,212,3,0,0,0,0,0,0,0,0,0e2eef,0,0,0,0,0,0,0,0,0,0,0,0,0,0,0,0,0,0,0
306,306,0,643,150,1,1,1,1,0d0,212,3,0,0,0,0,0,0,0,0,0e2ef0,0,0,0,0,0,0,0,0,0,0,0,0,0,0,0,0,0,0,0
307,307,0,643,150,1,1,1,0,0d0,212,3,0,0,0,0,0,0,0,0,0e2ef1,0,0,0,0,0,0,0,0,0,0,0,0,0,0,0,0,0,0,0
308,308,0,643,150,1,1,1,0,0d0,212,3,0,0,0,0,0,0,0,0,0e2ef2,0,0,0,0,0,0,0,0,0,0,0,0,0,0,0,0,0,0,0
309,309,0,643,150,1,1,1,1,0d0,212,3,0,0,0,0,0,0,0,0,0e2ef3,0,0,0,0,0,0,0,0,0,0,0,0,0,0,0,0,0,0,0
310,310,0,643,150,1,1,1,1,0d0,212,3,0,0,0,0,0,0,0,0,0e2ef4,0,0,0,0,0,0,0,0,0,0,0,0,0,0,0,0,0,0,0
311,311,0,643,150,1,1,1,0,0d0,212,3,0,0,0,0,0,0,0,0,0e2ef5,0,0,0,0,0,0,0,0,0,0,0,0,0,0,0,0,0,0,0
312,312,0,643,150,1,1,1,0,0d0,212,3,0,0,0,0,0,0,0,0,0e2ef6,0,0,0,0,0,0,0,0,0,0,0,0,0,0,0,0,0,0,0
313,313,0,643,150,1,1,1,1,0d0,212,3,0,0,0,0,0,0,0,0,0e2ef7,0,0,0,0,0,0,0,0,0,0,0,0,0,0,0,0,0,0,0
314,314,0,643,150,1,1,1,1,0d0,212,3,0,0,0,0,0,0,0,0,0e2ef8,0,0,0,0,0,0,0,0,0,0,0,0,0,0,0,0,0,0,0
315,315,0,643,150,1,1,1,0,0d0,212,3,0,0,0,0,0,0,0,0,0e2ef9,0,0,0,0,0,0,0,0,0,0,0,0,0,0,0,0,0,0,0
316,316,0,643,150,1,1,1,0,0d0,212,3,0,0,0,0,0,0,0,0,0e2efa,0,0,0,0,0,0,0,0,0,0,0,0,0,0,0,0,0,0,0
317,317,0,643,150,1,1,1,1,0d0,212,3,0,0,0,0,0,0,0,0,0e2efb,0,0,0,0,0,0,0,0,0,0,0,0,0,0,0,0,0,0,0
318,318,0,643,150,1,1,1,1,0d0,212,3,0,0,0,0,0,0,0,0,0e2efc,0,0,0,0,0,0,0,0,0,0,0,0,0,0,0,0,0,0,0
319,319,0,643,150,1,1,1,0,0d0,212,3,0,0,0,0,0,0,0,0,0e2efd,0,0,0,0,0,0,0,0,0,0,0,0,0,0,0,0,0,0,0
320,320,0,643,150,1,1,1,0,0d0,212,3,0,0,0,0,0,0,0,0,0e2efe,0,0,0,0,0,0,0,0,0,0,0,0,0,0,0,0,0,0,0
321,321,0,643,150,1,1,1,1,0d0,212,3,0,0,0,0,0,0,0,0,0e2eff,0,0,0,0,0,0,0,0,0,0,0,0,0,0,0,0,0,0,0
322,322,0,643,150,1,1,1,1,0d0,212,3,0,0,0,0,0,0,0,0,0e2f00,0,0,0,0,0,0,0,0,0,0,0,0,0,0,0,0,0,0,0
323,323,0,643,150,1,1,1,0,0d0,212,3,0,0,0,0,0,0,0,0,0e2f01,0,0,0,0,0,0,0,0,0,0,0,0,0,0,0,0,0,0,0
324,324,0,643,150,1,1,1,0,0d0,212,3,0,0,0,0,0,0,0,0,0e2f02,0,0,0,0,0,0,0,0,0,0,0,0,0,0,0,0,0,0,0
325,325,0,643,150,1,1,1,1,0d0,212,3,0,0,0,0,0,0,0,0,0e2f03,0,0,0,0,0,0,0,0,0,0,0,0,0,0,0,0,0,0,0
326,326,0,643,150,1,1,1,1,0d0,212,3,0,0,0,0,0,0,0,0,0e2f04,0,0,0,0,0,0,0,0,0,0,0,0,0,0,0,0,0,0,0
327,327,0,643,150,1,1,1,0,0d0,212,3,0,0,0,0,0,0,0,0,0e2f05,0,0,0,0,0,0,0,0,0,0,0,0,0,0,0,0,0,0,0
328,328,0,643,150,1,1,1,0,0d0,212,3,0,0,0,0,0,0,0,0,0e2f06,0,0,0,0,0,0,0,0,0,0,0,0,0,0,0,0,0,0,0
329,329,0,643,150,1,1,1,1,0d0,212,3,0,0,0,0,0,0,0,0,0e2f07,0,0,0,0,0,0,0,0,0,0,0,0,0,0,0,0,0,0,0
330,330,0,643,150,1,1,1,1,0d0,212,3,0,0,0,0,0,0,0,0,0e2f08,0,0,0,0,0,0,0,0,0,0,0,0,0,0,0,0,0,0,0
331,331,0,643,150,1,1,1,0,0d0,212,3,0,0,0,0,0,0,0,0,0e2f09,0,0,0,0,0,0,0,0,0,0,0,0,0,0,0,0,0,0,0
332,332,0,643,150,1,1,1,0,0d0,212,3,0,0,0,0,0,0,0,0,0e2f0a,0,0,0,0,0,0,0,0,0,0,0,0,0,0,0,0,0,0,0
333,333,0,643,150,1,1,1,1,0d0,212,3,0,0,0,0,0,0,0,0,0e2f0b,0,0,0,0,0,0,0,0,0,0,0,0,0,0,0,0,0,0,0
334,334,0,643,150,1,1,1,1,0d0,212,3,0,0,0,0,0,0,0,0,0e2f0c,0,0,0,0,0,0,0,0,0,0,0,0,0,0,0,0,0,0,0
335,335,0,643,150,1,1,1,0,0d0,212,3,0,0,0,0,0,0,0,0,0e2f0d,0,0,0,0,0,0,0,0,0,0,0,0,0,0,0,0,0,0,0
336,336,0,643,150,1,1,1,0,0d0,212,3,0,0,0,0,0,0,0,0,0e2f0e,0,0,0,0,0,0,0,0,0,0,0,0,0,0,0,0,0,0,0
337,337,0,643,150,1,1,1,1,0d0,212,3,0,0,0,0,0,0,0,0,0e2f0f,0,0,0,0,0,0,0,0,0,0,0,0,0,0,0,0,0,0,0
338,338,0,643,150,1,1,1,1,0d0,212,3,0,0,0,0,0,0,0,0,0e2f10,0,0,0,0,0,0,0,0,0,0,0,0,0,0,0,0,0,0,0
339,339,0,643,150,1,1,1,0,0d0,212,3,0,0,0,0,0,0,0,0,0e2f11,0,0,0,0,0,0,0,0,0,0,0,0,0,0,0,0,0,0,0
340,340,0,643,150,1,1,1,0,0d0,212,3,0,0,0,0,0,0,0,0,0e2f12,0,0,0,0,0,0,0,0,0,0,0,0,0,0,0,0,0,0,0
341,341,0,643,150,1,1,1,1,0d0,212,3,0,0,0,0,0,0,0,0,0e2f13,0,0,0,0,0,0,0,0,0,0,0,0,0,0,0,0,0,0,0
342,342,0,643,150,1,1,1,1,0d0,212,3,0,0,0,0,0,0,0,0,0e2f14,0,0,0,0,0,0,0,0,0,0,0,0,0,0,0,0,0,0,0
343,343,0,643,150,1,1,1,0,0d0,212,3,0,0,0,0,0,0,0,0,0e2f15,0,0,0,0,0,0,0,0,0,0,0,0,0,0,0,0,0,0,0
344,344,0,643,150,1,1,1,0,0d0,212,3,0,0,0,0,0,0,0,0,0e2f16,0,0,0,0,0,0,0,0,0,0,0,0,0,0,0,0,0,0,0
345,345,0,643,150,1,1,1,1,0d0,212,3,0,0,0,0,0,0,0,0,0e2f17,0,0,0,0,0,0,0,0,0,0,0,0,0,0,0,0,0,0,0
346,346,0,643,150,1,1,1,1,0d0,212,3,0,0,0,0,0,0,0,0,0e2f18,0,0,0,0,0,0,0,0,0,0,0,0,0,0,0,0,0,0,0
347,347,0,643,150,1,1,1,0,0d0,212,3,0,0,0,0,0,0,0,0,0e2f19,0,0,0,0,0,0,0,0,0,0,0,0,0,0,0,0,0,0,0
348,348,0,643,150,1,1,1,0,0d0,212,3,0,0,0,0,0,0,0,0,0e2f1a,0,0,0,0,0,0,0,0,0,0,0,0,0,0,0,0,0,0,0
349,349,0,643,150,1,1,1,1,0d0,212,3,0,0,0,0,0,0,0,0,0e2f1b,0,0,0,0,0,0,0,0,0,0,0,0,0,0,0,0,0,0,0
350,350,0,643,150,1,1,1,1,0d0,212,3,0,0,0,0,0,0,0,0,0e2f1c,0,0,0,0,0,0,0,0,0,0,0,0,0,0,0,0,0,0,0
351,351,0,643,150,1,1,1,0,0d0,212,3,0,0,0,0,0,0,0,0,0e2f1d,0,0,0,0,0,0,0,0,0,0,0,0,0,0,0,0,0,0,0
352,352,0,643,150,1,1,1,0,0d0,212,3,0,0,0,0,0,0,0,0,0e2f1e,0,0,0,0,0,0,0,0,0,0,0,0,0,0,0,0,0,0,0
353,353,0,643,150,1,1,1,1,0d0,212,3,0,0,0,0,0,0,0,0,0e2f1f,0,0,0,0,0,0,0,0,0,0,0,0,0,0,0,0,0,0,0
354,354,0,643,150,1,1,1,1,0d0,212,3,0,0,0,0,0,0,0,0,0e2f20,0,0,0,0,0,0,0,0,0,0,0,0,0,0,0,0,0,0,0
355,355,0,643,150,1,1,1,0,0d0,212,3,0,0,0,0,0,0,0,0,0e2f21,0,0,0,0,0,0,0,0,0,0,0,0,0,0,0,0,0,0,0
356,356,0,643,150,1,1,1,0,0d0,212,3,0,0,0,0,0,0,0,0,0e2f22,0,0,0,0,0,0,0,0,0,0,0,0,0,0,0,0,0,0,0
357,357,0,643,150,1,1,1,1,0d0,212,3,0,0,0,0,0,0,0,0,0e2f23,0,0,0,0,0,0,0,0,0,0,0,0,0,0,0,0,0,0,0
358,358,0,643,150,1,1,1,1,0d0,212,3,0,0,0,0,0,0,0,0,0e2f24,0,0,0,0,0,0,0,0,0,0,0,0,0,0,0,0,0,0,0
359,359,0,643,150,1,1,1,0,0d0,212,3,0,0,0,0,0,0,0,0,0e2f25,0,0,0,0,0,0,0,0,0,0,0,0,0,0,0,0,0,0,0
360,360,0,643,150,1,1,1,0,0d0,212,3,0,0,0,0,0,0,0,0,0e2f26,0,0,0,0,0,0,0,0,0,0,0,0,0,0,0,0,0,0,0
361,361,0,643,150,1,1,1,1,0d0,212,3,0,0,0,0,0,0,0,0,0e2f27,0,0,0,0,0,0,0,0,0,0,0,0,0,0,0,0,0,0,0
362,362,0,643,150,1,1,1,1,0d0,212,3,0,0,0,0,0,0,0,0,0e2f28,0,0,0,0,0,0,0,0,0,0,0,0,0,0,0,0,0,0,0
363,363,0,643,150,1,1,1,0,0d0,212,3,0,0,0,0,0,0,0,0,0e2f29,0,0,0,0,0,0,0,0,0,0,0,0,0,0,0,0,0,0,0
364,364,0,643,150,1,1,1,0,0d0,212,3,0,0,0,0,0,0,0,0,0e2f2a,0,0,0,0,0,0,0,0,0,0,0,0,0,0,0,0,0,0,0
365,365,0,643,150,1,1,1,1,0d0,212,3,0,0,0,0,0,0,0,0,0e2f2b,0,0,0,0,0,0,0,0,0,0,0,0,0,0,0,0,0,0,0
366,366,0,643,150,1,1,1,1,0d0,212,3,0,0,0,0,0,0,0,0,0e2f2c,0,0,0,0,0,0,0,0,0,0,0,0,0,0,0,0,0,0,0
367,367,0,643,150,1,1,1,0,0d0,212,3,0,0,0,0,0,0,0,0,0e2f2d,0,0,0,0,0,0,0,0,0,0,0,0,0,0,0,0,0,0,0
368,368,0,643,150,1,1,1,0,0d0,212,3,0,0,0,0,0,0,0,0,0e2f2e,0,0,0,0,0,0,0,0,0,0,0,0,0,0,0,0,0,0,0
369,369,0,643,150,1,1,1,1,0d0,212,3,0,0,0,0,0,0,0,0,0e2f2f,0,0,0,0,0,0,0,0,0,0,0,0,0,0,0,0,0,0,0
370,370,0,643,150,1,1,1,1,0d0,212,3,0,0,0,0,0,0,0,0,0e2f30,0,0,0,0,0,0,0,0,0,0,0,0,0,0,0,0,0,0,0
371,371,0,643,150,1,1,1,0,0d0,212,3,0,0,0,0,0,0,0,0,0e2f31,0,0,0,0,0,0,0,0,0,0,0,0,0,0,0,0,0,0,0
372,372,0,643,150,1,1,1,0,0d0,212,3,0,0,0,0,0,0,0,0,0e2f32,0,0,0,0,0,0,0,0,0,0,0,0,0,0,0,0,0,0,0
373,373,0,643,150,1,1,1,1,0d0,212,3,0,0,0,0,0,0,0,0,0e2f33,0,0,0,0,0,0,0,0,0,0,0,0,0,0,0,0,0,0,0
374,374,0,643,150,1,1,1,1,0d0,212,3,0,0,0,0,0,0,0,0,0e2f34,0,0,0,0,0,0,0,0,0,0,0,0,0,0,0,0,0,0,0
375,375,0,643,150,1,1,1,0,0d0,212,3,0,0,0,0,0,0,0,0,0e2f35,0,0,0,0,0,0,0,0,0,0,0,0,0,0,0,0,0,0,0
376,376,0,643,150,1,1,1,0,0d0,212,3,0,0,0,0,0,0,0,0,0e2f36,0,0,0,0,0,0,0,0,0,0,0,0,0,0,0,0,0,0,0
377,377,0,643,150,1,1,1,1,0d0,212,3,0,0,0,0,0,0,0,0,0e2f37,0,0,0,0,0,0,0,0,0,0,0,0,0,0,0,0,0,0,0
378,378,0,643,150,1,1,1,1,0d0,212,3,0,0,0,0,0,0,0,0,0e2f38,0,0,0,0,0,0,0,0,0,0,0,0,0,0,0,0,0,0,0
379,379,0,643,150,1,1,1,0,0d0,212,3,0,0,0,0,0,0,0,0,0e2f39,0,0,0,0,0,0,0,0,0,0,0,0,0,0,0,0,0,0,0
380,380,0,643,150,1,1,1,0,0d0,212,3,0,0,0,0,0,0,0,0,0e2f3a,0,0,0,0,0,0,0,0,0,0,0,0,0,0,0,0,0,0,0
381,381,0,1020,151,1,1,1,1,0d0,212,3,0,0,0,0,0,0,0,0,0e2f3b,0,0,0,0,0,0,0,0,0,0,0,0,0,0,0,0,0,0,0
382,382,0,1020,151,1,1,1,1,0d0,212,3,0,0,0,0,0,0,0,0,0e2f3c,0,0,0,0,0,0,0,0,0,0,0,0,0,0,0,0,0,0,0
383,383,0,1020,151,1,1,1,0,0d0,212,3,0,0,0,0,0,0,0,0,0e2f3d,0,0,0,0,0,0,0,0,0,0,0,0,0,0,0,0,0,0,0
384,384,0,1020,151,1,1,1,0,0d0,212,3,0,0,0,0,0,0,0,0,0e2f3e,0,0,0,0,0,0,0,0,0,0,0,0,0,0,0,0,0,0,0
385,385,0,1021,151,1,1,1,1,0d0,212,3,0,0,0,0,0,0,0,0,0e2f3f,0,0,0,0,0,0,0,0,0,0,0,0,0,0,0,0,0,0,0
386,386,0,1021,151,1,1,1,1,0d0,212,3,0,0,0,0,0,0,0,0,0e2f40,0,0,0,0,0,0,0,0,0,0,0,0,0,0,0,0,0,0,0
387,387,0,1021,151,1,1,1,0,0d0,212,3,0,0,0,0,0,0,0,0,0e2f41,0,0,0,0,0,0,0,0,0,0,0,0,0,0,0,0,0,0,0
388,388,0,1021,151,1,1,1,0,0d0,212,3,0,0,0,0,0,0,0,0,0e2f42,0,0,0,0,0,0,0,0,0,0,0,0,0,0,0,0,0,0,0
389,389,0,1022,151,1,1,1,1,0d0,212,3,0,0,0,0,0,0,0,0,0e2f43,0,0,0,0,0,0,0,0,0,0,0,0,0,0,0,0,0,0,0
390,390,0,1022,151,1,1,1,1,0d0,212,3,0,0,0,0,0,0,0,0,0e2f44,0,0,0,0,0,0,0,0,0,0,0,0,0,0,0,0,0,0,0
391,391,0,1022,151,1,1,1,0,0d0,212,3,0,0,0,0,0,0,0,0,0e2f45,0,0,0,0,0,0,0,0,0,0,0,0,0,0,0,0,0,0,0
392,392,0,1022,151,1,1,1,0,0d0,212,3,0,0,0,0,0,0,0,0,0e2f46,0,0,0,0,0,0,0,0,0,0,0,0,0,0,0,0,0,0,0
393,393,0,1023,151,1,1,1,1,0d0,212,3,0,0,0,0,0,0,0,0,0e2f47,0,0,0,0,0,0,0,0,0,0,0,0,0,0,0,0,0,0,0
394,394,0,1023,151,1,1,1,1,0d0,212,3,0,0,0,0,0,0,0,0,0e2f48,0,0,0,0,0,0,0,0,0,0,0,0,0,0,0,0,0,0,0
395,395,0,1023,151,1,1,1,0,0d0,212,3,0,0,0,0,0,0,0,0,0e2f49,0,0,0,0,0,0,0,0,0,0,0,0,0,0,0,0,0,0,0
396,396,0,1023,151,1,1,1,0,0d0,212,3,0,0,0,0,0,0,0,0,0e2f4a,0,0,0,0,0,0,0,0,0,0,0,0,0,0,0,0,0,0,0
397,397,0,0,151,1,1,1,1,0d0,212,3,0,0,0,0,0,0,0,0,0e2f4b,0,0,0,0,0,0,0,0,0,0,0,0,0,0,0,0,0,0,0
398,398,0,0,151,1,1,1,1,0d0,212,3,0,0,0,0,0,0,0,0,0e2f4c,0,0,0,0,0,0,0,0,0,0,0,0,0,0,0,0,0,0,0
399,399,0,0,151,1,1,1,0,0d0,212,3,0,0,0,0,0,0,0,0,0e2f4d,0,0,0,0,0,0,0,0,0,0,0,0,0,0,0,0,0,0,0
400,400,0,0,151,1,1,1,0,0d0,212,3,0,0,0,0,0,0,0,0,0e2f4e,0,0,0,0,0,0,0,0,0,0,0,0,0,0,0,0,0,0,0
401,401,0,1,151,1,1,1,1,0d0,212,3,0,0,0,0,0,0,0,0,0e2f4f,0,0,0,0,0,0,0,0,0,0,0,0,0,0,0,0,0,0,0
402,402,0,1,151,1,1,1,1,0d0,212,3,0,0,0,0,0,0,0,0,0e2f50,0,0,0,0,0,0,0,0,0,0,0,0,0,0,0,0,0,0,0
403,403,0,1,151,1,1,1,0,0d0,212,3,0,0,0,0,0,0,0,0,0e2f51,0,0,0,0,0,0,0,0,0,0,0,0,0,0,0,0,0,0,0
404,404,0,1,151,1,1,1,0,0d0,212,3,0,0,0,0,0,0,0,0,0e2f52,0,0,0,0,0,0,0,0,0,0,0,0,0,0,0,0,0,0,0
405,405,0,2,151,1,1,1,1,0d0,212,3,0,0,0,0,0,0,0,0,0e2f53,0,0,0,0,0,0,0,0,0,0,0,0,0,0,0,0,0,0,0
406,406,0,2,151,1,1,1,1,0d0,212,3,0,0,0,0,0,0,0,0,0e2f54,0,0,0,0,0,0,0,0,0,0,0,0,0,0,0,0,0,0,0
407,407,0,2,151,1,1,1,0,0d0,212,3,0,0,0,0,0,0,0,0,0e2f55,0,0,0,0,0,0,0,0,0,0,0,0,0,0,0,0,0,0,0
408,408,0,2,151,1,1,1,0,0d0,212,3,0,0,0,0,0,0,0,0,0e2f56,0,0,0,0,0,0,0,0,0,0,0,0,0,0,0,0,0,0,0
409,409,0,3,151,1,1,1,1,0d0,212,3,0,0,0,0,0,0,0,0,0e2f57,0,0,0,0,0,0,0,0,0,0,0,0,0,0,0,0,0,0,0
410,410,0,3,151,1,1,1,1,0d0,212,3,0,0,0,0,0,0,0,0,0e2f58,0,0,0,0,0,0,0,0,0,0,0,0,0,0,0,0,0,0,0
411,411,0,3,151,1,1,1,0,0d0,212,3,0,0,0,0,0,0,0,0,0e2f59,0,0,0,0,0,0,0,0,0,0,0,0,0,0,0,0,0,0,0
412,412,0,3,151,1,1,1,0,0d0,212,3,0,0,0,0,0,0,0,0,0e2f5a,0,0,0,0,0,0,0,0,0,0,0,0,0,0,0,0,0,0,0
413,413,0,4,151,1,1,1,1,0d0,212,3,0,0,0,0,0,0,0,0,0e2f5b,0,0,0,0,0,0,0,0,0,0,0,0,0,0,0,0,0,0,0
414,414,0,4,151,1,1,1,1,0d0,212,3,0,0,0,0,0,0,0,0,0e2f5c,0,0,0,0,0,0,0,0,0,0,0,0,0,0,0,0,0,0,0
415,415,0,4,151,1,1,1,0,0d0,212,3,0,0,0,0,0,0,0,0,0e2f5d,0,0,0,0,0,0,0,0,0,0,0,0,0,0,0,0,0,0,0
416,416,0,4,151,1,1,1,0,0d0,212,3,0,0,0,0,0,0,0,0,0e2f5e,0,0,0,0,0,0,0,0,0,0,0,0,0,0,0,0,0,0,0
417,417,0,5,151,1,1,1,1,0d0,212,3,0,0,0,0,0,0,0,0,0e2f5f,0,0,0,0,0,0,0,0,0,0,0,0,0,0,0,0,0,0,0
418,418,0,5,151,1,1,1,1,0d0,212,3,0,0,0,0,0,0,0,0,0e2f60,0,0,0,0,0,0,0,0,0,0,0,0,0,0,0,0,0,0,0
419,419,0,5,151,1,1,1,0,0d0,212,3,0,0,0,0,0,0,0,0,0e2f61,0,0,0,0,0,0,0,0,0,0,0,0,0,0,0,0,0,0,0
420,420,0,5,151,1,1,1,0,0d0,212,3,0,0,0,0,0,0,0,0,0e2f62,0,0,0,0,0,0,0,0,0,0,0,0,0,0,0,0,0,0,0
421,421,0,6,151,1,1,1,1,0d0,212,3,0,0,0,0,0,0,0,0,0e2f63,0,0,0,0,0,0,0,0,0,0,0,0,0,0,0,0,0,0,0
422,422,0,6,151,1,1,1,1,0d0,212,3,0,0,0,0,0,0,0,0,0e2f64,0,0,0,0,0,0,0,0,0,0,0,0,0,0,0,0,0,0,0
423,423,0,6,151,1,1,1,0,0d0,212,3,0,0,0,0,0,0,0,0,0e2f65,0,0,0,0,0,0,0,0,0,0,0,0,0,0,0,0,0,0,0
424,424,0,6,151,1,1,1,0,0d0,212,3,0,0,0,0,0,0,0,0,0e2f66,0,0,0,0,0,0,0,0,0,0,0,0,0,0,0,0,0,0,0
425,425,0,7,151,1,1,1,1,0d0,212,3,0,0,0,0,0,0,0,0,0e2f67,0,0,0,0,0,0,0,0,0,0,0,0,0,0,0,0,0,0,0
426,426,0,7,151,1,1,1,1,0d0,212,3,0,0,0,0,0,0,0,0,0e2f68,0,0,0,0,0,0,0,0,0,0,0,0,0,0,0,0,0,0,0
427,427,0,7,151,1,1,1,0,0d0,212,3,0,0,0,0,0,0,0,0,0e2f69,0,0,0,0,0,0,0,0,0,0,0,0,0,0,0,0,0,0,0
428,428,0,7,151,1,1,1,0,0d0,212,3,0,0,0,0,0,0,0,0,0e2f6a,0,0,0,0,0,0,0,0,0,0,0,0,0,0,0,0,0,0,0
429,429,0,8,151,1,1,1,1,0d0,212,3,0,0,0,0,0,0,0,0,0e2f6b,0,0,0,0,0,0,0,0,0,0,0,0,0,0,0,0,0,0,0
430,430,0,8,151,1,1,1,1,0d0,212,3,0,0,0,0,0,0,0,0,0e2f6c,0,0,0,0,0,0,0,0,0,0,0,0,0,0,0,0,0,0,0
431,431,0,8,151,1,1,1,0,0d0,212,3,0,0,0,0,0,0,0,0,0e2f6d,0,0,0,0,0,0,0,0,0,0,0,0,0,0,0,0,0,0,0
432,432,0,8,151,1,1,1,0,0d0,212,3,0,0,0,0,0,0,0,0,0e2f6e,0,0,0,0,0,0,0,0,0,0,0,0,0,0,0,0,0,0,0
433,433,0,9,151,1,1,1,1,0d0,212,3,0,0,0,0,0,0,0,0,0e2f6f,0,0,0,0,0,0,0,0,0,0,0,0,0,0,0,0,0,0,0
434,434,0,9,151,1,1,1,1,0d0,212,3,0,0,0,0,0,0,0,0,0e2f70,0,0,0,0,0,0,0,0,0,0,0,0,0,0,0,0,0,0,0
435,435,0,9,151,1,1,1,0,0d0,212,3,0,0,0,0,0,0,0,0,0e2f71,0,0,0,0,0,0,0,0,0,0,0,0,0,0,0,0,0,0,0
436,436,0,9,151,1,1,1,0,0d0,212,3,0,0,0,0,0,0,0,0,0e2f72,0,0,0,0,0,0,0,0,0,0,0,0,0,0,0,0,0,0,0
437,437,0,10,151,1,1,1,1,0d0,212,3,0,0,0,0,0,0,0,0,0e2f73,0,0,0,0,0,0,0,0,0,0,0,0,0,0,0,0,0,0,0
438,438,0,10,151,1,1,1,1,0d0,212,3,0,0,0,0,0,0,0,0,0e2f74,0,0,0,0,0,0,0,0,0,0,0,0,0,0,0,0,0,0,0
439,439,0,10,151,1,1,1,0,0d0,212,3,0,0,0,0,0,0,0,0,0e2f75,0,0,0,0,0,0,0,0,0,0,0,0,0,0,0,0,0,0,0
440,440,0,10,151,1,1,1,0,0d0,212,3,0,0,0,0,0,0,0,0,0e2f76,0,0,0,0,0,0,0,0,0,0,0,0,0,0,0,0,0,0,0
441,441,0,11,151,1,1,1,1,0d0,212,3,0,0,0,0,0,0,0,0,0e2f77,0,0,0,0,0,0,0,0,0,0,0,0,0,0,0,0,0,0,0
442,442,0,11,151,1,1,1,1,0d0,212,3,0,0,0,0,0,0,0,0,0e2f78,0,0,0,0,0,0,0,0,0,0,0,0,0,0,0,0,0,0,0
443,443,0,11,151,1,1,1,0,0d0,212,3,0,0,0,0,0,0,0,0,0e2f79,0,0,0,0,0,0,0,0,0,0,0,0,0,0,0,0,0,0,0
444,444,0,11,151,1,1,1,0,0d0,212,3,0,0,0,0,0,0,0,0,0e2f7a,0,0,0,0,0,0,0,0,0,0,0,0,0,0,0,0,0,0,0
445,445,0,12,151,1,1,1,1,0d0,212,3,0,0,0,0,0,0,0,0,0e2f7b,0,0,0,0,0,0,0,0,0,0,0,0,0,0,0,0,0,0,0
446,446,0,12,151,1,1,1,1,0d0,212,3,0,0,0,0,0,0,0,0,0e2f7c,0,0,0,0,0,0,0,0,0,0,0,0,0,0,0,0,0,0,0
447,447,0,12,151,1,1,1,0,0d0,212,3,0,0,0,0,0,0,0,0,0e2f7d,0,0,0,0,0,0,0,0,0,0,0,0,0,0,0,0,0,0,0
448,448,0,12,151,1,1,1,0,0d0,212,3,0,0,0,0,0,0,0,0,0e2f7e,0,0,0,0,0,0,0,0,0,0,0,0,0,0,0,0,0,0,0
449,449,0,13,151,1,1,1,1,0d0,212,3,0,0,0,0,0,0,0,0,0e2f7f,0,0,0,0,0,0,0,0,0,0,0,0,0,0,0,0,0,0,0
450,450,0,13,151,1,1,1,1,0d0,212,3,0,0,0,0,0,0,0,0,0e2f80,0,0,0,0,0,0,0,0,0,0,0,0,0,0,0,0,0,0,0
451,451,0,13,151,1,1,1,0,0d0,212,3,0,0,0,0,0,0,0,0,0e2f81,0,0,0,0,0,0,0,0,0,0,0,0,0,0,0,0,0,0,0
452,452,0,13,151,1,1,1,0,0d0,212,3,0,0,0,0,0,0,0,0,0e2f82,0,0,0,0,0,0,0,0,0,0,0,0,0,0,0,0,0,0,0
453,453,0,14,151,1,1,1,1,0d0,212,3,0,0,0,0,0,0,0,0,0e2f83,0,0,0,0,0,0,0,0,0,0,0,0,0,0,0,0,0,0,0
454,454,0,14,151,1,1,1,1,0d0,212,3,0,0,0,0,0,0,0,0,0e2f84,0,0,0,0,0,0,0,0,0,0,0,0,0,0,0,0,0,0,0
455,455,0,14,151,1,1,1,0,0d0,212,3,0,0,0,0,0,0,0,0,0e2f85,0,0,0,0,0,0,0,0,0,0,0,0,0,0,0,0,0,0,0
456,456,0,14,151,1,1,1,0,0d0,212,3,0,0,0,0,0,0,0,0,0e2f86,0,0,0,0,0,0,0,0,0,0,0,0,0,0,0,0,0,0,0
457,457,0,15,151,1,1,1,1,0d0,212,3,0,0,0,0,0,0,0,0,0e2f87,0,0,0,0,0,0,0,0,0,0,0,0,0,0,0,0,0,0,0
458,458,0,15,151,1,1,1,1,0d0,212,3,0,0,0,0,0,0,0,0,0e2f88,0,0,0,0,0,0,0,0,0,0,0,0,0,0,0,0,0,0,0
459,459,0,15,151,1,1,1,0,0d0,212,3,0,0,0,0,0,0,0,0,0e2f89,0,0,0,0,0,0,0,0,0,0,0,0,0,0,0,0,0,0,0
460,460,0,15,151,1,1,1,0,0d0,212,3,0,0,0,0,0,0,0,0,0e2f8a,0,0,0,0,0,0,0,0,0,0,0,0,0,0,0,0,0,0,0
461,461,0,16,151,1,1,1,1,0d0,212,3,0,0,0,0,0,0,0,0,0e2f8b,0,0,0,0,0,0,0,0,0,0,0,0,0,0,0,0,0,0,0
462,462,0,16,151,1,1,1,1,0d0,212,3,0,0,0,0,0,0,0,0,0e2f8c,0,0,0,0,0,0,0,0,0,0,0,0,0,0,0,0,0,0,0
463,463,0,16,151,1,1,1,0,0d0,212,3,0,0,0,0,0,0,0,0,0e2f8d,0,0,0,0,0,0,0,0,0,0,0,0,0,0,0,0,0,0,0
464,464,0,16,151,1,1,1,0,0d0,212,3,0,0,0,0,0,0,0,0,0e2f8e,0,0,0,0,0,0,0,0,0,0,0,0,0,0,0,0,0,0,0
465,465,0,17,151,1,1,1,1,0d0,212,3,0,0,0,0,0,0,0,0,0e2f8f,0,0,0,0,0,0,0,0,0,0,0,0,0,0,0,0,0,0,0
466,466,0,17,151,1,1,1,1,0d0,212,3,0,0,0,0,0,0,0,0,0e2f90,0,0,0,0,0,0,0,0,0,0,0,0,0,0,0,0,0,0,0
467,467,0,17,151,1,1,1,0,0d0,212,3,0,0,0,0,0,0,0,0,0e2f91,0,0,0,0,0,0,0,0,0,0,0,0,0,0,0,0,0,0,0
468,468,0,17,151,1,1,1,0,0d0,212,3,0,0,0,0,0,0,0,0,0e2f92,0,0,0,0,0,0,0,0,0,0,0,0,0,0,0,0,0,0,0
469,469,0,18,151,1,1,1,1,0d0,212,3,0,0,0,0,0,0,0,0,0e2f93,0,0,0,0,0,0,0,0,0,0,0,0,0,0,0,0,0,0,0
470,470,0,18,151,1,1,1,1,0d0,212,3,0,0,0,0,0,0,0,0,0e2f94,0,0,0,0,0,0,0,0,0,0,0,0,0,0,0,0,0,0,0
471,471,0,18,151,1,1,1,0,0d0,212,3,0,0,0,0,0,0,0,0,0e2f95,0,0,0,0,0,0,0,0,0,0,0,0,0,0,0,0,0,0,0
472,472,0,18,151,1,1,1,0,0d0,212,3,0,0,0,0,0,0,0,0,0e2f96,0,0,0,0,0,0,0,0,0,0,0,0,0,0,0,0,0,0,0
473,473,0,19,151,1,1,1,1,0d0,212,3,0,0,0,0,0,0,0,0,0e2f97,0,0,0,0,0,0,0,0,0,0,0,0,0,0,0,0,0,0,0
474,474,0,19,151,1,1,1,1,0d0,212,3,0,0,0,0,0,0,0,0,0e2f98,0,0,0,0,0,0,0,0,0,0,0,0,0,0,0,0,0,0,0
475,475,0,19,151,1,1,1,0,0d0,212,3,0,0,0,0,0,0,0,0,0e2f99,0,0,0,0,0,0,0,0,0,0,0,0,0,0,0,0,0,0,0
476,476,0,19,151,1,1,1,0,0d0,212,3,0,0,0,0,0,0,0,0,0e2f9a,0,0,0,0,0,0,0,0,0,0,0,0,0,0,0,0,0,0,0
477,477,0,20,151,1,1,1,1,0d0,212,3,0,0,0,0,0,0,0,0,0e2f9b,0,0,0,0,0,0,0,0,0,0,0,0,0,0,0,0,0,0,0
478,478,0,20,151,1,1,1,1,0d0,212,3,0,0,0,0,0,0,0,0,0e2f9c,0,0,0,0,0,0,0,0,0,0,0,0,0,0,0,0,0,0,0
479,479,0,20,151,1,1,1,0,0d0,212,3,0,0,0,0,0,0,0,0,0e2f9d,0,0,0,0,0,0,0,0,0,0,0,0,0,0,0,0,0,0,0
480,480,0,20,151,1,1,1,0,0d0,212,3,0,0,0,0,0,0,0,0,0e2f9e,0,0,0,0,0,0,0,0,0,0,0,0,0,0,0,0,0,0,0
481,481,0,21,151,1,1,1,1,0d0,212,3,0,0,0,0,0,0,0,0,0e2f9f,0,0,0,0,0,0,0,0,0,0,0,0,0,0,0,0,0,0,0
482,482,0,21,151,1,1,1,1,0d0,212,3,0,0,0,0,0,0,0,0,0e2fa0,0,0,0,0,0,0,0,0,0,0,0,0,0,0,0,0,0,0,0
483,483,0,21,151,1,1,1,0,0d0,212,3,0,0,0,0,0,0,0,0,0e2fa1,0,0,0,0,0,0,0,0,0,0,0,0,0,0,0,0,0,0,0
484,484,0,21,151,1,1,1,0,0d0,212,3,0,0,0,0,0,0,0,0,0e2fa2,0,0,0,0,0,0,0,0,0,0,0,0,0,0,0,0,0,0,0
485,485,0,22,151,1,1,1,1,0d0,212,3,0,0,0,0,0,0,0,0,0e2fa3,0,0,0,0,0,0,0,0,0,0,0,0,0,0,0,0,0,0,0
486,486,0,22,151,1,1,1,1,0d0,212,3,0,0,0,0,0,0,0,0,0e2fa4,0,0,0,0,0,0,0,0,0,0,0,0,0,0,0,0,0,0,0
487,487,0,22,151,1,1,1,0,0d0,212,3,0,0,0,0,0,0,0,0,0e2fa5,0,0,0,0,0,0,0,0,0,0,0,0,0,0,0,0,0,0,0
488,488,0,22,151,1,1,1,0,0d0,212,3,0,0,0,0,0,0,0,0,0e2fa6,0,0,0,0,0,0,0,0,0,0,0,0,0,0,0,0,0,0,0
489,489,0,23,151,1,1,1,1,0d0,212,3,0,0,0,0,0,0,0,0,0e2fa7,0,0,0,0,0,0,0,0,0,0,0,0,0,0,0,0,0,0,0
490,490,0,23,151,1,1,1,1,0d0,212,3,0,0,0,0,0,0,0,0,0e2fa8,0,0,0,0,0,0,0,0,0,0,0,0,0,0,0,0,0,0,0
491,491,0,23,151,1,1,1,0,0d0,212,3,0,0,0,0,0,0,0,0,0e2fa9,0,0,0,0,0,0,0,0,0,0,0,0,0,0,0,0,0,0,0
492,492,0,23,151,1,1,1,0,0d0,212,3,0,0,0,0,0,0,0,0,0e2faa,0,0,0,0,0,0,0,0,0,0,0,0,0,0,0,0,0,0,0
493,493,0,24,151,1,1,1,1,0d0,212,3,0,0,0,0,0,0,0,0,0e2fab,0,0,0,0,0,0,0,0,0,0,0,0,0,0,0,0,0,0,0
494,494,0,24,151,1,1,1,1,0d0,212,3,0,0,0,0,0,0,0,0,0e2fac,0,0,0,0,0,0,0,0,0,0,0,0,0,0,0,0,0,0,0
495,495,0,24,151,1,1,1,0,0d0,212,3,0,0,0,0,0,0,0,0,0e2fad,0,0,0,0,0,0,0,0,0,0,0,0,0,0,0,0,0,0,0
496,496,0,24,151,1,1,1,0,0d0,212,3,0,0,0,0,0,0,0,0,0e2fae,0,0,0,0,0,0,0,0,0,0,0,0,0,0,0,0,0,0,0
497,497,0,25,151,1,1,1,1,0d0,212,3,0,0,0,0,0,0,0,0,0e2faf,0,0,0,0,0,0,0,0,0,0,0,0,0,0,0,0,0,0,0
498,498,0,25,151,1,1,1,1,0d0,212,3,0,0,0,0,0,0,0,0,0e2fb0,0,0,0,0,0,0,0,0,0,0,0,0,0,0,0,0,0,0,0
499,499,0,25,151,1,1,1,0,0d0,212,3,0,0,0,0,0,0,0,0,0e2fb1,0,0,0,0,0,0,0,0,0,0,0,0,0,0,0,0,0,0,0
500,500,0,25,151,1,1,1,0,0d0,212,3,0,0,0,0,0,0,0,0,0e2fb2,0,0,0,0,0,0,0,0,0,0,0,0,0,0,0,0,0,0,0
501,501,0,26,151,1,1,1,1,0d0,212,3,0,0,0,0,0,0,0,0,0e2fb3,0,0,0,0,0,0,0,0,0,0,0,0,0,0,0,0,0,0,0
502,502,0,26,151,1,1,1,1,0d0,212,3,0,0,0,0,0,0,0,0,0e2fb4,0,0,0,0,0,0,0,0,0,0,0,0,0,0,0,0,0,0,0
503,503,0,26,151,1,1,1,0,0d0,212,3,0,0,0,0,0,0,0,0,0e2fb5,0,0,0,0,0,0,0,0,0,0,0,0,0,0,0,0,0,0,0
504,504,0,26,151,1,1,1,0,0d0,212,3,0,0,0,0,0,0,0,0,0e2fb6,0,0,0,0,0,0,0,0,0,0,0,0,0,0,0,0,0,0,0
505,505,0,27,151,1,1,1,1,0d0,212,3,0,0,0,0,0,0,0,0,0e2fb7,0,0,0,0,0,0,0,0,0,0,0,0,0,0,0,0,0,0,0
506,506,0,27,151,1,1,1,1,0d0,212,3,0,0,0,0,0,0,0,0,0e2fb8,0,0,0,0,0,0,0,0,0,0,0,0,0,0,0,0,0,0,0
507,507,0,27,151,1,1,1,0,0d0,212,3,0,0,0,0,0,0,0,0,0e2fb9,0,0,0,0,0,0,0,0,0,0,0,0,0,0,0,0,0,0,0
508,508,0,27,151,1,1,1,0,0d0,212,3,0,0,0,0,0,0,0,0,0e2fba,0,0,0,0,0,0,0,0,0,0,0,0,0,0,0,0,0,0,0
509,509,0,28,151,1,1,1,1,0d0,212,3,0,0,0,0,0,0,0,0,0e2fbb,0,0,0,0,0,0,0,0,0,0,0,0,0,0,0,0,0,0,0
510,510,0,28,151,1,1,1,1,0d0,212,3,0,0,0,0,0,0,0,0,0e2fbc,0,0,0,0,0,0,0,0,0,0,0,0,0,0,0,0,0,0,0
511,511,0,28,151,1,1,1,0,0d0,212,3,0,0,0,0,0,0,0,0,0e2fbd,0,0,0,0,0,0,0,0,0,0,0,0,0,0,0,0,0,0,0
512,512,1,28,151,1,1,1,0,0d0,212,3,0,0,0,0,0,0,0,0,0e2fbe,0,0,0,0,0,0,0,0,0,0,0,0,0,0,0,0,0,0,0
513,513,0,29,151,1,1,1,1,0d0,212,3,0,0,0,0,0,0,0,0,0e2fbf,0,0,0,0,0,0,0,0,0,0,0,0,0,0,0,0,0,0,0
514,514,0,29,151,1,1,1,1,0d0,212,3,0,0,0,0,0,0,0,0,0e2fc0,0,0,0,0,0,0,0,0,0,0,0,0,0,0,0,0,0,0,0
515,515,0,29,151,1,1,1,0,0d0,212,3,0,0,0,0,0,0,0,0,0e2fc1,0,0,0,0,0,0,0,0,0,0,0,0,0,0,0,0,0,0,0
516,516,0,29,151,1,1,1,0,0d0,212,3,0,0,0,0,0,0,0,0,0e2fc2,0,0,0,0,0,0,0,0,0,0,0,0,0,0,0,0,0,0,0
517,517,0,30,151,1,1,1,1,0d0,212,3,0,0,0,0,0,0,0,0,0e2fc3,0,0,0,0,0,0,0,0,0,0,0,0,0,0,0,0,0,0,0
518,518,0,30,151,1,1,1,1,0d0,212,3,0,0,0,0,0,0,0,0,0e2fc4,0,0,0,0,0,0,0,0,0,0,0,0,0,0,0,0,0,0,0
519,519,0,30,151,1,1,1,0,0d0,212,3,0,0,0,0,0,0,0,0,0e2fc5,0,0,0,0,0,0,0,0,0,0,0,0,0,0,0,0,0,0,0
520,520,0,30,151,1,1,1,0,0d0,212,3,0,0,0,0,0,0,0,0,0e2fc6,0,0,0,0,0,0,0,0,0,0,0,0,0,0,0,0,0,0,0
521,521,0,31,151,1,1,1,1,0d0,212,3,0,0,0,0,0,0,0,0,0e2fc7,0,0,0,0,0,0,0,0,0,0,0,0,0,0,0,0,0,0,0
522,522,0,31,151,1,1,1,1,0d0,212,3,0,0,0,0,0,0,0,0,0e2fc8,0,0,0,0,0,0,0,0,0,0,0,0,0,0,0,0,0,0,0
523,523,0,31,151,1,1,1,0,0d0,212,3,0,0,0,0,0,0,0,0,0e2fc9,0,0,0,0,0,0,0,0,0,0,0,0,0,0,0,0,0,0,0
524,524,0,31,151,1,1,1,0,0d0,212,3,0,0,0,0,0,0,0,0,0e2fca,0,0,0,0,0,0,0,0,0,0,0,0,0,0,0,0,0,0,0
525,525,0,32,151,1,1,1,1,0d0,212,3,0,0,0,0,0,0,0,0,0e2fcb,0,0,0,0,0,0,0,0,0,0,0,0,0,0,0,0,0,0,0
526,526,0,32,151,1,1,1,1,0d0,212,3,0,0,0,0,0,0,0,0,0e2fcc,0,0,0,0,0,0,0,0,0,0,0,0,0,0,0,0,0,0,0
527,527,0,32,151,1,1,1,0,0d0,212,3,0,0,0,0,0,0,0,0,0e2fcd,0,0,0,0,0,0,0,0,0,0,0,0,0,0,0,0,0,0,0
528,528,0,32,151,1,1,1,0,0d0,212,3,0,0,0,0,0,0,0,0,0e2fce,0,0,0,0,0,0,0,0,0,0,0,0,0,0,0,0,0,0,0
529,529,0,33,151,1,1,1,1,0d0,212,3,0,0,0,0,0,0,0,0,0e2fcf,0,0,0,0,0,0,0,0,0,0,0,0,0,0,0,0,0,0,0
530,530,0,33,151,1,1,1,1,0d0,212,3,0,0,0,0,0,0,0,0,0e2fd0,0,0,0,0,0,0,0,0,0,0,0,0,0,0,0,0,0,0,0
531,531,0,33,151,1,1,1,0,0d0,212,3,0,0,0,0,0,0,0,0,0e2fd1,0,0,0,0,0,0,0,0,0,0,0,0,0,0,0,0,0,0,0
532,532,0,33,151,1,1,1,0,0d0,212,3,0,0,0,0,0,0,0,0,0e2fd2,0,0,0,0,0,0,0,0,0,0,0,0,0,0,0,0,0,0,0
533,533,0,34,151,1,1,1,1,0d0,212,3,0,0,0,0,0,0,0,0,0e2fd3,0,0,0,0,0,0,0,0,0,0,0,0,0,0,0,0,0,0,0
534,534,0,34,151,1,1,1,1,0d0,212,3,0,0,0,0,0,0,0,0,0e2fd4,0,0,0,0,0,0,0,0,0,0,0,0,0,0,0,0,0,0,0
535,535,0,34,151,1,1,1,0,0d0,212,3,0,0,0,0,0,0,0,0,0e2fd5,0,0,0,0,0,0,0,0,0,0,0,0,0,0,0,0,0,0,0
536,536,0,34,151,1,1,1,0,0d0,212,3,0,0,0,0,0,0,0,0,0e2fd6,0,0,0,0,0,0,0,0,0,0,0,0,0,0,0,0,0,0,0
537,537,0,35,151,1,1,1,1,0d0,212,3,0,0,0,0,0,0,0,0,0e2fd7,0,0,0,0,0,0,0,0,0,0,0,0,0,0,0,0,0,0,0
538,538,0,35,151,1,1,1,1,0d0,212,3,0,0,0,0,0,0,0,0,0e2fd8,0,0,0,0,0,0,0,0,0,0,0,0,0,0,0,0,0,0,0
539,539,0,35,151,1,1,1,0,0d0,212,3,0,0,0,0,0,0,0,0,0e2fd9,0,0,0,0,0,0,0,0,0,0,0,0,0,0,0,0,0,0,0
540,540,0,35,151,1,1,1,0,0d0,212,3,0,0,0,0,0,0,0,0,0e2fda,0,0,0,0,0,0,0,0,0,0,0,0,0,0,0,0,0,0,0
541,541,0,36,151,1,1,1,1,0d0,212,3,0,0,0,0,0,0,0,0,0e2fdb,0,0,0,0,0,0,0,0,0,0,0,0,0,0,0,0,0,0,0
542,542,0,36,151,1,1,1,1,0d0,212,3,0,0,0,0,0,0,0,0,0e2fdc,0,0,0,0,0,0,0,0,0,0,0,0,0,0,0,0,0,0,0
543,543,0,36,151,1,1,1,0,0d0,212,3,0,0,0,0,0,0,0,0,0e2fdd,0,0,0,0,0,0,0,0,0,0,0,0,0,0,0,0,0,0,0
544,544,0,36,151,1,1,1,0,0d0,212,3,0,0,0,0,0,0,0,0,0e2fde,0,0,0,0,0,0,0,0,0,0,0,0,0,0,0,0,0,0,0
545,545,0,37,151,1,1,1,1,0d0,212,3,0,0,0,0,0,0,0,0,0e2fdf,0,0,0,0,0,0,0,0,0,0,0,0,0,0,0,0,0,0,0
546,546,0,37,151,1,1,1,1,0d0,212,3,0,0,0,0,0,0,0,0,0e2fe0,0,0,0,0,0,0,0,0,0,0,0,0,0,0,0,0,0,0,0
547,547,0,37,151,1,1,1,0,0d0,212,3,0,0,0,0,0,0,0,0,0e2fe1,0,0,0,0,0,0,0,0,0,0,0,0,0,0,0,0,0,0,0
548,548,0,37,151,1,1,1,0,0d0,212,3,0,0,0,0,0,0,0,0,0e2fe2,0,0,0,0,0,0,0,0,0,0,0,0,0,0,0,0,0,0,0
549,549,0,38,151,1,1,1,1,0d0,212,3,0,0,0,0,0,0,0,0,0e2fe3,0,0,0,0,0,0,0,0,0,0,0,0,0,0,0,0,0,0,0
550,550,0,38,151,1,1,1,1,0d0,212,3,0,0,0,0,0,0,0,0,0e2fe4,0,0,0,0,0,0,0,0,0,0,0,0,0,0,0,0,0,0,0
551,551,0,38,151,1,1,1,0,0d0,212,3,0,0,0,0,0,0,0,0,0e2fe5,0,0,0,0,0,0,0,0,0,0,0,0,0,0,0,0,0,0,0
552,552,0,38,151,1,1,1,0,0d0,212,3,0,0,0,0,0,0,0,0,0e2fe6,0,0,0,0,0,0,0,0,0,0,0,0,0,0,0,0,0,0,0
553,553,0,39,151,1,1,1,1,0d0,212,3,0,0,0,0,0,0,0,0,0e2fe7,0,0,0,0,0,0,0,0,0,0,0,0,0,0,0,0,0,0,0
554,554,0,39,151,1,1,1,1,0d0,212,3,0,0,0,0,0,0,0,0,0e2fe8,0,0,0,0,0,0,0,0,0,0,0,0,0,0,0,0,0,0,0
555,555,0,39,151,1,1,1,0,0d0,212,3,0,0,0,0,0,0,0,0,0e2fe9,0,0,0,0,0,0,0,0,0,0,0,0,0,0,0,0,0,0,0
556,556,0,39,151,1,1,1,0,0d0,212,3,0,0,0,0,0,0,0,0,0e2fea,0,0,0,0,0,0,0,0,0,0,0,0,0,0,0,0,0,0,0
557,557,0,40,151,1,1,1,1,0d0,212,3,0,0,0,0,0,0,0,0,0e2feb,0,0,0,0,0,0,0,0,0,0,0,0,0,0,0,0,0,0,0
558,558,0,40,151,1,1,1,1,0d0,212,3,0,0,0,0,0,0,0,0,0e2fec,0,0,0,0,0,0,0,0,0,0,0,0,0,0,0,0,0,0,0
559,559,0,40,151,1,1,1,0,0d0,212,3,0,0,0,0,0,0,0,0,0e2fed,0,0,0,0,0,0,0,0,0,0,0,0,0,0,0,0,0,0,0
560,560,0,40,151,1,1,1,0,0d0,212,3,0,0,0,0,0,0,0,0,0e2fee,0,0,0,0,0,0,0,0,0,0,0,0,0,0,0,0,0,0,0
561,561,0,41,151,1,1,1,1,0d0,212,3,0,0,0,0,0,0,0,0,0e2fef,0,0,0,0,0,0,0,0,0,0,0,0,0,0,0,0,0,0,0
562,562,0,41,151,1,1,1,1,0d0,212,3,0,0,0,0,0,0,0,0,0e2ff0,0,0,0,0,0,0,0,0,0,0,0,0,0,0,0,0,0,0,0
563,563,0,41,151,1,1,1,0,0d0,212,3,0,0,0,0,0,0,0,0,0e2ff1,0,0,0,0,0,0,0,0,0,0,0,0,0,0,0,0,0,0,0
564,564,0,41,151,1,1,1,0,0d0,212,3,0,0,0,0,0,0,0,0,0e2ff2,0,0,0,0,0,0,0,0,0,0,0,0,0,0,0,0,0,0,0
565,565,0,42,151,1,1,1,1,0d0,212,3,0,0,0,0,0,0,0,0,0e2ff3,0,0,0,0,0,0,0,0,0,0,0,0,0,0,0,0,0,0,0
566,566,0,42,151,1,1,1,1,0d0,212,3,0,0,0,0,0,0,0,0,0e2ff4,0,0,0,0,0,0,0,0,0,0,0,0,0,0,0,0,0,0,0
567,567,0,42,151,1,1,1,0,0d0,212,3,0,0,0,0,0,0,0,0,0e2ff5,0,0,0,0,0,0,0,0,0,0,0,0,0,0,0,0,0,0,0
568,568,0,42,151,1,1,1,0,0d0,212,3,0,0,0,0,0,0,0,0,0e2ff6,0,0,0,0,0,0,0,0,0,0,0,0,0,0,0,0,0,0,0
569,569,0,43,151,1,1,1,1,0d0,212,3,0,0,0,0,0,0,0,0,0e2ff7,0,0,0,0,0,0,0,0,0,0,0,0,0,0,0,0,0,0,0
570,570,0,43,151,1,1,1,1,0d0,212,3,0,0,0,0,0,0,0,0,0e2ff8,0,0,0,0,0,0,0,0,0,0,0,0,0,0,0,0,0,0,0
571,571,0,43,151,1,1,1,0,0d0,212,3,0,0,0,0,0,0,0,0,0e2ff9,0,0,0,0,0,0,0,0,0,0,0,0,0,0,0,0,0,0,0
572,572,0,43,151,1,1,1,0,0d0,212,3,0,0,0,0,0,0,0,0,0e2ffa,0,0,0,0,0,0,0,0,0,0,0,0,0,0,0,0,0,0,0
573,573,0,44,151,1,1,1,1,0d0,212,3,0,0,0,0,0,0,0,0,0e2ffb,0,0,0,0,0,0,0,0,0,0,0,0,0,0,0,0,0,0,0
574,574,0,44,151,1,1,1,1,0d0,212,3,0,0,0,0,0,0,0,0,0e2ffc,0,0,0,0,0,0,0,0,0,0,0,0,0,0,0,0,0,0,0
575,575,0,44,151,1,1,1,0,0d0,212,3,0,0,0,0,0,0,0,0,0e2ffd,0,0,0,0,0,0,0,0,0,0,0,0,0,0,0,0,0,0,0
576,576,0,44,151,1,1,1,0,0d0,212,3,0,0,0,0,0,0,0,0,0e2ffe,0,0,0,0,0,0,0,0,0,0,0,0,0,0,0,0,0,0,0
577,577,0,45,151,1,1,1,1,0d0,212,3,0,0,0,0,0,0,0,0,0e2fff,0,0,0,0,0,0,0,0,0,0,0,0,0,0,0,0,0,0,0
578,578,0,45,151,1,1,1,1,0d0,212,3,0,0,0,0,0,0,0,0,0e3000,0,0,0,0,0,0,0,0,0,0,0,0,0,0,0,0,0,0,0
579,579,0,45,151,1,1,1,0,0d0,212,3,0,0,0,0,0,0,0,0,0e3001,0,0,0,0,0,0,0,0,0,0,0,0,0,0,0,0,0,0,0
580,580,0,45,151,1,1,1,0,0d0,212,3,0,0,0,0,0,0,0,0,0e3002,0,0,0,0,0,0,0,0,0,0,0,0,0,0,0,0,0,0,0
581,581,0,46,151,1,1,1,1,0d0,212,3,0,0,0,0,0,0,0,0,0e3003,0,0,0,0,0,0,0,0,0,0,0,0,0,0,0,0,0,0,0
582,582,0,46,151,1,1,1,1,0d0,212,3,0,0,0,0,0,0,0,0,0e3004,0,0,0,0,0,0,0,0,0,0,0,0,0,0,0,0,0,0,0
583,583,0,46,151,1,1,1,0,0d0,212,3,0,0,0,0,0,0,0,0,0e3005,0,0,0,0,0,0,0,0,0,0,0,0,0,0,0,0,0,0,0
584,584,0,46,151,1,1,1,0,0d0,212,3,0,0,0,0,0,0,0,0,0e3006,0,0,0,0,0,0,0,0,0,0,0,0,0,0,0,0,0,0,0
585,585,0,47,151,1,1,1,1,0d0,212,3,0,0,0,0,0,0,0,0,0e3007,0,0,0,0,0,0,0,0,0,0,0,0,0,0,0,0,0,0,0
586,586,0,47,151,1,1,1,1,0d0,212,3,0,0,0,0,0,0,0,0,0e3008,0,0,0,0,0,0,0,0,0,0,0,0,0,0,0,0,0,0,0
587,587,0,47,151,1,1,1,0,0d0,212,3,0,0,0,0,0,0,0,0,0e3009,0,0,0,0,0,0,0,0,0,0,0,0,0,0,0,0,0,0,0
588,588,0,47,151,1,1,1,0,0d0,212,3,0,0,0,0,0,0,0,0,0e300a,0,0,0,0,0,0,0,0,0,0,0,0,0,0,0,0,0,0,0
589,589,0,48,151,1,1,1,1,0d0,212,3,0,0,0,0,0,0,0,0,0e300b,0,0,0,0,0,0,0,0,0,0,0,0,0,0,0,0,0,0,0
590,590,0,48,151,1,1,1,1,0d0,212,3,0,0,0,0,0,0,0,0,0e300c,0,0,0,0,0,0,0,0,0,0,0,0,0,0,0,0,0,0,0
591,591,0,48,151,1,1,1,0,0d0,212,3,0,0,0,0,0,0,0,0,0e300d,0,0,0,0,0,0,0,0,0,0,0,0,0,0,0,0,0,0,0
592,592,0,48,151,1,1,1,0,0d0,212,3,0,0,0,0,0,0,0,0,0e300e,0,0,0,0,0,0,0,0,0,0,0,0,0,0,0,0,0,0,0
593,593,0,49,151,1,1,1,1,0d0,212,3,0,0,0,0,0,0,0,0,0e300f,0,0,0,0,0,0,0,0,0,0,0,0,0,0,0,0,0,0,0
594,594,0,49,151,1,1,1,1,0d0,212,3,0,0,0,0,0,0,0,0,0e3010,0,0,0,0,0,0,0,0,0,0,0,0,0,0,0,0,0,0,0
595,595,0,49,151,1,1,1,0,0d0,212,3,0,0,0,0,0,0,0,0,0e3011,0,0,0,0,0,0,0,0,0,0,0,0,0,0,0,0,0,0,0
596,596,0,49,151,1,1,1,0,0d0,212,3,0,0,0,0,0,0,0,0,0e3012,0,0,0,0,0,0,0,0,0,0,0,0,0,0,0,0,0,0,0
597,597,0,50,151,1,1,1,1,0d0,212,3,0,0,0,0,0,0,0,0,0e3013,0,0,0,0,0,0,0,0,0,0,0,0,0,0,0,0,0,0,0
598,598,0,50,151,1,1,1,1,0d0,212,3,0,0,0,0,0,0,0,0,0e3014,0,0,0,0,0,0,0,0,0,0,0,0,0,0,0,0,0,0,0
599,599,0,50,151,1,1,1,0,0d0,212,3,0,0,0,0,0,0,0,0,0e3015,0,0,0,0,0,0,0,0,0,0,0,0,0,0,0,0,0,0,0
600,600,0,50,151,1,1,1,0,0d0,212,3,0,0,0,0,0,0,0,0,0e3016,0,0,0,0,0,0,0,0,0,0,0,0,0,0,0,0,0,0,0
601,601,0,51,151,1,1,1,1,0d0,212,3,0,0,0,0,0,0,0,0,0e3017,0,0,0,0,0,0,0,0,0,0,0,0,0,0,0,0,0,0,0
602,602,0,51,151,1,1,1,1,0d0,212,3,0,0,0,0,0,0,0,0,0e3018,0,0,0,0,0,0,0,0,0,0,0,0,0,0,0,0,0,0,0
603,603,0,51,151,1,1,1,0,0d0,212,3,0,0,0,0,0,0,0,0,0e3019,0,0,0,0,0,0,0,0,0,0,0,0,0,0,0,0,0,0,0
604,604,0,51,151,1,1,1,0,0d0,212,3,0,0,0,0,0,0,0,0,0e301a,0,0,0,0,0,0,0,0,0,0,0,0,0,0,0,0,0,0,0
605,605,0,52,151,1,1,1,1,0d0,212,3,0,0,0,0,0,0,0,0,0e301b,0,0,0,0,0,0,0,0,0,0,0,0,0,0,0,0,0,0,0
606,606,0,52,151,1,1,1,1,0d0,212,3,0,0,0,0,0,0,0,0,0e301c,0,0,0,0,0,0,0,0,0,0,0,0,0,0,0,0,0,0,0
607,607,0,52,151,1,1,1,0,0d0,212,3,0,0,0,0,0,0,0,0,0e301d,0,0,0,0,0,0,0,0,0,0,0,0,0,0,0,0,0,0,0
608,608,0,52,151,1,1,1,0,0d0,212,3,0,0,0,0,0,0,0,0,0e301e,0,0,0,0,0,0,0,0,0,0,0,0,0,0,0,0,0,0,0
609,609,0,53,151,1,1,1,1,0d0,212,3,0,0,0,0,0,0,0,0,0e301f,0,0,0,0,0,0,0,0,0,0,0,0,0,0,0,0,0,0,0
610,610,0,53,151,1,1,1,1,0d0,212,3,0,0,0,0,0,0,0,0,0e3020,0,0,0,0,0,0,0,0,0,0,0,0,0,0,0,0,0,0,0
611,611,0,53,151,1,1,1,0,0d0,212,3,0,0,0,0,0,0,0,0,0e3021,0,0,0,0,0,0,0,0,0,0,0,0,0,0,0,0,0,0,0
612,612,0,53,151,1,1,1,0,0d0,212,3,0,0,0,0,0,0,0,0,0e3022,0,0,0,0,0,0,0,0,0,0,0,0,0,0,0,0,0,0,0
613,613,0,54,151,1,1,1,1,0d0,212,3,0,0,0,0,0,0,0,0,0e3023,0,0,0,0,0,0,0,0,0,0,0,0,0,0,0,0,0,0,0
614,614,0,54,151,1,1,1,1,0d0,212,3,0,0,0,0,0,0,0,0,0e3024,0,0,0,0,0,0,0,0,0,0,0,0,0,0,0,0,0,0,0
615,615,0,54,151,1,1,1,0,0d0,212,3,0,0,0,0,0,0,0,0,0e3025,0,0,0,0,0,0,0,0,0,0,0,0,0,0,0,0,0,0,0
616,616,0,54,151,1,1,1,0,0d0,212,3,0,0,0,0,0,0,0,0,0e3026,0,0,0,0,0,0,0,0,0,0,0,0,0,0,0,0,0,0,0
617,617,0,55,151,1,1,1,1,0d0,212,3,0,0,0,0,0,0,0,0,0e3027,0,0,0,0,0,0,0,0,0,0,0,0,0,0,0,0,0,0,0
618,618,0,55,151,1,1,1,1,0d0,212,3,0,0,0,0,0,0,0,0,0e3028,0,0,0,0,0,0,0,0,0,0,0,0,0,0,0,0,0,0,0
619,619,0,55,151,1,1,1,0,0d0,212,3,0,0,0,0,0,0,0,0,0e3029,0,0,0,0,0,0,0,0,0,0,0,0,0,0,0,0,0,0,0
620,620,0,55,151,1,1,1,0,0d0,212,3,0,0,0,0,0,0,0,0,0e302a,0,0,0,0,0,0,0,0,0,0,0,0,0,0,0,0,0,0,0
621,621,0,56,151,1,1,1,1,0d0,212,3,0,0,0,0,0,0,0,0,0e302b,0,0,0,0,0,0,0,0,0,0,0,0,0,0,0,0,0,0,0
622,622,0,56,151,1,1,1,1,0d0,212,3,0,0,0,0,0,0,0,0,0e302c,0,0,0,0,0,0,0,0,0,0,0,0,0,0,0,0,0,0,0
623,623,0,56,151,1,1,1,0,0d0,212,3,0,0,0,0,0,0,0,0,0e302d,0,0,0,0,0,0,0,0,0,0,0,0,0,0,0,0,0,0,0
624,624,0,56,151,1,1,1,0,0d0,212,3,0,0,0,0,0,0,0,0,0e302e,0,0,0,0,0,0,0,0,0,0,0,0,0,0,0,0,0,0,0
625,625,0,57,151,1,1,1,1,0d0,212,3,0,0,0,0,0,0,0,0,0e302f,0,0,0,0,0,0,0,0,0,0,0,0,0,0,0,0,0,0,0
626,626,0,57,151,1,1,1,1,0d0,212,3,0,0,0,0,0,0,0,0,0e3030,0,0,0,0,0,0,0,0,0,0,0,0,0,0,0,0,0,0,0
627,627,0,57,151,1,1,1,0,0d0,212,3,0,0,0,0,0,0,0,0,0e3031,0,0,0,0,0,0,0,0,0,0,0,0,0,0,0,0,0,0,0
628,628,0,57,151,1,1,1,0,0d0,212,3,0,0,0,0,0,0,0,0,0e3032,0,0,0,0,0,0,0,0,0,0,0,0,0,0,0,0,0,0,0
629,629,0,58,151,1,1,1,1,0d0,212,3,0,0,0,0,0,0,0,0,0e3033,0,0,0,0,0,0,0,0,0,0,0,0,0,0,0,0,0,0,0
630,630,0,58,151,1,1,1,1,0d0,212,3,0,0,0,0,0,0,0,0,0e3034,0,0,0,0,0,0,0,0,0,0,0,0,0,0,0,0,0,0,0
631,631,0,58,151,1,1,1,0,0d0,212,3,0,0,0,0,0,0,0,0,0e3035,0,0,0,0,0,0,0,0,0,0,0,0,0,0,0,0,0,0,0
632,632,0,58,151,1,1,1,0,0d0,212,3,0,0,0,0,0,0,0,0,0e3036,0,0,0,0,0,0,0,0,0,0,0,0,0,0,0,0,0,0,0
633,633,0,59,151,1,1,1,1,0d0,212,3,0,0,0,0,0,0,0,0,0e3037,0,0,0,0,0,0,0,0,0,0,0,0,0,0,0,0,0,0,0
634,634,0,59,151,1,1,1,1,0d0,212,3,0,0,0,0,0,0,0,0,0e3038,0,0,0,0,0,0,0,0,0,0,0,0,0,0,0,0,0,0,0
635,635,0,59,151,1,1,1,0,0d0,212,3,0,0,0,0,0,0,0,0,0e3039,0,0,0,0,0,0,0,0,0,0,0,0,0,0,0,0,0,0,0
636,636,0,59,151,1,1,1,0,0d0,212,3,0,0,0,0,0,0,0,0,0e303a,0,0,0,0,0,0,0,0,0,0,0,0,0,0,0,0,0,0,0
637,637,0,60,151,1,1,1,1,0d0,212,3,0,0,0,0,0,0,0,0,0e303b,0,0,0,0,0,0,0,0,0,0,0,0,0,0,0,0,0,0,0
638,638,0,60,151,1,1,1,1,0d0,212,3,0,0,0,0,0,0,0,0,0e303c,0,0,0,0,0,0,0,0,0,0,0,0,0,0,0,0,0,0,0
639,639,0,60,151,1,1,1,0,0d0,212,3,0,0,0,0,0,0,0,0,0e303d,0,0,0,0,0,0,0,0,0,0,0,0,0,0,0,0,0,0,0
640,640,0,60,151,1,1,1,0,0d0,212,3,0,0,0,0,0,0,0,0,0e303e,0,0,0,0,0,0,0,0,0,0,0,0,0,0,0,0,0,0,0
641,641,0,61,151,1,1,1,1,0d0,212,3,0,0,0,0,0,0,0,0,0e303f,0,0,0,0,0,0,0,0,0,0,0,0,0,0,0,0,0,0,0
642,642,0,61,151,1,1,1,1,0d0,212,3,0,0,0,0,0,0,0,0,0e3040,0,0,0,0,0,0,0,0,0,0,0,0,0,0,0,0,0,0,0
643,643,0,61,151,1,1,1,0,0d0,212,3,0,0,0,0,0,0,0,0,0e3041,0,0,0,0,0,0,0,0,0,0,0,0,0,0,0,0,0,0,0
644,644,0,61,151,1,1,1,0,0d0,212,3,0,0,0,0,0,0,0,0,0e3042,0,0,0,0,0,0,0,0,0,0,0,0,0,0,0,0,0,0,0
645,645,0,62,151,1,1,1,1,0d0,212,3,0,0,0,0,0,0,0,0,0e3043,0,0,0,0,0,0,0,0,0,0,0,0,0,0,0,0,0,0,0
646,646,0,62,151,1,1,1,1,0d0,212,3,0,0,0,0,0,0,0,0,0e3044,0,0,0,0,0,0,0,0,0,0,0,0,0,0,0,0,0,0,0
647,647,0,62,151,1,1,1,0,0d0,212,3,0,0,0,0,0,0,0,0,0e3045,0,0,0,0,0,0,0,0,0,0,0,0,0,0,0,0,0,0,0
648,648,0,62,151,1,1,1,0,0d0,212,3,0,0,0,0,0,0,0,0,0e3046,0,0,0,0,0,0,0,0,0,0,0,0,0,0,0,0,0,0,0
649,649,0,63,151,1,1,1,1,0d0,212,3,0,0,0,0,0,0,0,0,0e3047,0,0,0,0,0,0,0,0,0,0,0,0,0,0,0,0,0,0,0
650,650,0,63,151,1,1,1,1,0d0,212,3,0,0,0,0,0,0,0,0,0e3048,0,0,0,0,0,0,0,0,0,0,0,0,0,0,0,0,0,0,0
651,651,0,63,151,1,1,1,0,0d0,212,3,0,0,0,0,0,0,0,0,0e3049,0,0,0,0,0,0,0,0,0,0,0,0,0,0,0,0,0,0,0
652,652,0,63,151,1,1,1,0,0d0,212,3,0,0,0,0,0,0,0,0,0e304a,0,0,0,0,0,0,0,0,0,0,0,0,0,0,0,0,0,0,0
653,653,0,64,151,1,1,1,1,0d0,212,3,0,0,0,0,0,0,0,0,0e304b,0,0,0,0,0,0,0,0,0,0,0,0,0,0,0,0,0,0,0
654,654,0,64,151,1,1,1,1,0d0,212,3,0,0,0,0,0,0,0,0,0e304c,0,0,0,0,0,0,0,0,0,0,0,0,0,0,0,0,0,0,0
655,655,0,64,151,1,1,1,0,0d0,212,3,0,0,0,0,0,0,0,0,0e304d,0,0,0,0,0,0,0,0,0,0,0,0,0,0,0,0,0,0,0
656,656,0,64,151,1,1,1,0,0d0,212,3,0,0,0,0,0,0,0,0,0e304e,0,0,0,0,0,0,0,0,0,0,0,0,0,0,0,0,0,0,0
657,657,0,65,151,1,1,1,1,0d0,212,3,0,0,0,0,0,0,0,0,0e304f,0,0,0,0,0,0,0,0,0,0,0,0,0,0,0,0,0,0,0
658,658,0,65,151,1,1,1,1,0d0,212,3,0,0,0,0,0,0,0,0,0e3050,0,0,0,0,0,0,0,0,0,0,0,0,0,0,0,0,0,0,0
659,659,0,65,151,1,1,1,0,0d0,212,3,0,0,0,0,0,0,0,0,0e3051,0,0,0,0,0,0,0,0,0,0,0,0,0,0,0,0,0,0,0
660,660,0,65,151,1,1,1,0,0d0,212,3,0,0,0,0,0,0,0,0,0e3052,0,0,0,0,0,0,0,0,0,0,0,0,0,0,0,0,0,0,0
661,661,0,66,151,1,1,1,1,0d0,212,3,0,0,0,0,0,0,0,0,0e3053,0,0,0,0,0,0,0,0,0,0,0,0,0,0,0,0,0,0,0
662,662,0,66,151,1,1,1,1,0d0,212,3,0,0,0,0,0,0,0,0,0e3054,0,0,0,0,0,0,0,0,0,0,0,0,0,0,0,0,0,0,0
663,663,0,66,151,1,1,1,0,0d0,212,3,0,0,0,0,0,0,0,0,0e3055,0,0,0,0,0,0,0,0,0,0,0,0,0,0,0,0,0,0,0
664,664,0,66,151,1,1,1,0,0d0,212,3,0,0,0,0,0,0,0,0,0e3056,0,0,0,0,0,0,0,0,0,0,0,0,0,0,0,0,0,0,0
665,665,0,67,151,1,1,1,1,0d0,212,3,0,0,0,0,0,0,0,0,0e3057,0,0,0,0,0,0,0,0,0,0,0,0,0,0,0,0,0,0,0
666,666,0,67,151,1,1,1,1,0d0,212,3,0,0,0,0,0,0,0,0,0e3058,0,0,0,0,0,0,0,0,0,0,0,0,0,0,0,0,0,0,0
667,667,0,67,151,1,1,1,0,0d0,212,3,0,0,0,0,0,0,0,0,0e3059,0,0,0,0,0,0,0,0,0,0,0,0,0,0,0,0,0,0,0
668,668,0,67,151,1,1,1,0,0d0,212,3,0,0,0,0,0,0,0,0,0e305a,0,0,0,0,0,0,0,0,0,0,0,0,0,0,0,0,0,0,0
669,669,0,68,151,1,1,1,1,0d0,212,3,0,0,0,0,0,0,0,0,0e305b,0,0,0,0,0,0,0,0,0,0,0,0,0,0,0,0,0,0,0
670,670,0,68,151,1,1,1,1,0d0,212,3,0,0,0,0,0,0,0,0,0e305c,0,0,0,0,0,0,0,0,0,0,0,0,0,0,0,0,0,0,0
671,671,0,68,151,1,1,1,0,0d0,212,3,0,0,0,0,0,0,0,0,0e305d,0,0,0,0,0,0,0,0,0,0,0,0,0,0,0,0,0,0,0
672,672,0,68,151,1,1,1,0,0d0,212,3,0,0,0,0,0,0,0,0,0e305e,0,0,0,0,0,0,0,0,0,0,0,0,0,0,0,0,0,0,0
673,673,0,69,151,1,1,1,1,0d0,212,3,0,0,0,0,0,0,0,0,0e305f,0,0,0,0,0,0,0,0,0,0,0,0,0,0,0,0,0,0,0
674,674,0,69,151,1,1,1,1,0d0,212,3,0,0,0,0,0,0,0,0,0e3060,0,0,0,0,0,0,0,0,0,0,0,0,0,0,0,0,0,0,0
675,675,0,69,151,1,1,1,0,0d0,212,3,0,0,0,0,0,0,0,0,0e3061,0,0,0,0,0,0,0,0,0,0,0,0,0,0,0,0,0,0,0
676,676,0,69,151,1,1,1,0,0d0,212,3,0,0,0,0,0,0,0,0,0e3062,0,0,0,0,0,0,0,0,0,0,0,0,0,0,0,0,0,0,0
677,677,0,70,151,1,1,1,1,0d0,212,3,0,0,0,0,0,0,0,0,0e3063,0,0,0,0,0,0,0,0,0,0,0,0,0,0,0,0,0,0,0
678,678,0,70,151,1,1,1,1,0d0,212,3,0,0,0,0,0,0,0,0,0e3064,0,0,0,0,0,0,0,0,0,0,0,0,0,0,0,0,0,0,0
679,679,0,70,151,1,1,1,0,0d0,212,3,0,0,0,0,0,0,0,0,0e3065,0,0,0,0,0,0,0,0,0,0,0,0,0,0,0,0,0,0,0
680,680,0,70,151,1,1,1,0,0d0,212,3,0,0,0,0,0,0,0,0,0e3066,0,0,0,0,0,0,0,0,0,0,0,0,0,0,0,0,0,0,0
681,681,0,71,151,1,1,1,1,0d0,212,3,0,0,0,0,0,0,0,0,0e3067,0,0,0,0,0,0,0,0,0,0,0,0,0,0,0,0,0,0,0
682,682,0,71,151,1,1,1,1,0d0,212,3,0,0,0,0,0,0,0,0,0e3068,0,0,0,0,0,0,0,0,0,0,0,0,0,0,0,0,0,0,0
683,683,0,71,151,1,1,1,0,0d0,212,3,0,0,0,0,0,0,0,0,0e3069,0,0,0,0,0,0,0,0,0,0,0,0,0,0,0,0,0,0,0
684,684,0,71,151,1,1,1,0,0d0,212,3,0,0,0,0,0,0,0,0,0e306a,0,0,0,0,0,0,0,0,0,0,0,0,0,0,0,0,0,0,0
685,685,0,72,151,1,1,1,1,0d0,212,3,0,0,0,0,0,0,0,0,0e306b,0,0,0,0,0,0,0,0,0,0,0,0,0,0,0,0,0,0,0
686,686,0,72,151,1,1,1,1,0d0,212,3,0,0,0,0,0,0,0,0,0e306c,0,0,0,0,0,0,0,0,0,0,0,0,0,0,0,0,0,0,0
687,687,0,72,151,1,1,1,0,0d0,212,3,0,0,0,0,0,0,0,0,0e306d,0,0,0,0,0,0,0,0,0,0,0,0,0,0,0,0,0,0,0
688,688,0,72,151,1,1,1,0,0d0,212,3,0,0,0,0,0,0,0,0,0e306e,0,0,0,0,0,0,0,0,0,0,0,0,0,0,0,0,0,0,0
689,689,0,73,151,1,1,1,1,0d0,212,3,0,0,0,0,0,0,0,0,0e306f,0,0,0,0,0,0,0,0,0,0,0,0,0,0,0,0,0,0,0
690,690,0,73,151,1,1,1,1,0d0,212,3,0,0,0,0,0,0,0,0,0e3070,0,0,0,0,0,0,0,0,0,0,0,0,0,0,0,0,0,0,0
691,691,0,73,151,1,1,1,0,0d0,212,3,0,0,0,0,0,0,0,0,0e3071,0,0,0,0,0,0,0,0,0,0,0,0,0,0,0,0,0,0,0
692,692,0,73,151,1,1,1,0,0d0,212,3,0,0,0,0,0,0,0,0,0e3072,0,0,0,0,0,0,0,0,0,0,0,0,0,0,0,0,0,0,0
693,693,0,74,151,1,1,1,1,0d0,212,3,0,0,0,0,0,0,0,0,0e3073,0,0,0,0,0,0,0,0,0,0,0,0,0,0,0,0,0,0,0
694,694,0,74,151,1,1,1,1,0d0,212,3,0,0,0,0,0,0,0,0,0e3074,0,0,0,0,0,0,0,0,0,0,0,0,0,0,0,0,0,0,0
695,695,0,74,151,1,1,1,0,0d0,212,3,0,0,0,0,0,0,0,0,0e3075,0,0,0,0,0,0,0,0,0,0,0,0,0,0,0,0,0,0,0
696,696,0,74,151,1,1,1,0,0d0,212,3,0,0,0,0,0,0,0,0,0e3076,0,0,0,0,0,0,0,0,0,0,0,0,0,0,0,0,0,0,0
697,697,0,75,151,1,1,1,1,0d0,212,3,0,0,0,0,0,0,0,0,0e3077,0,0,0,0,0,0,0,0,0,0,0,0,0,0,0,0,0,0,0
698,698,0,75,151,1,1,1,1,0d0,212,3,0,0,0,0,0,0,0,0,0e3078,0,0,0,0,0,0,0,0,0,0,0,0,0,0,0,0,0,0,0
699,699,0,75,151,1,1,1,0,0d0,212,3,0,0,0,0,0,0,0,0,0e3079,0,0,0,0,0,0,0,0,0,0,0,0,0,0,0,0,0,0,0
700,700,0,75,151,1,1,1,0,0d0,212,3,0,0,0,0,0,0,0,0,0e307a,0,0,0,0,0,0,0,0,0,0,0,0,0,0,0,0,0,0,0
701,701,0,76,151,1,1,1,1,0d0,212,3,0,0,0,0,0,0,0,0,0e307b,0,0,0,0,0,0,0,0,0,0,0,0,0,0,0,0,0,0,0
702,702,0,76,151,1,1,1,1,0d0,212,3,0,0,0,0,0,0,0,0,0e307c,0,0,0,0,0,0,0,0,0,0,0,0,0,0,0,0,0,0,0
703,703,0,76,151,1,1,1,0,0d0,212,3,0,0,0,0,0,0,0,0,0e307d,0,0,0,0,0,0,0,0,0,0,0,0,0,0,0,0,0,0,0
704,704,0,76,151,1,1,1,0,0d0,212,3,0,0,0,0,0,0,0,0,0e307e,0,0,0,0,0,0,0,0,0,0,0,0,0,0,0,0,0,0,0
705,705,0,77,151,1,1,1,1,0d0,212,3,0,0,0,0,0,0,0,0,0e307f,0,0,0,0,0,0,0,0,0,0,0,0,0,0,0,0,0,0,0
706,706,0,77,151,1,1,1,1,0d0,212,3,0,0,0,0,0,0,0,0,0e3080,0,0,0,0,0,0,0,0,0,0,0,0,0,0,0,0,0,0,0
707,707,0,77,151,1,1,1,0,0d0,212,3,0,0,0,0,0,0,0,0,0e3081,0,0,0,0,0,0,0,0,0,0,0,0,0,0,0,0,0,0,0
708,708,0,77,151,1,1,1,0,0d0,212,3,0,0,0,0,0,0,0,0,0e3082,0,0,0,0,0,0,0,0,0,0,0,0,0,0,0,0,0,0,0
709,709,0,78,151,1,1,1,1,0d0,212,3,0,0,0,0,0,0,0,0,0e3083,0,0,0,0,0,0,0,0,0,0,0,0,0,0,0,0,0,0,0
710,710,0,78,151,1,1,1,1,0d0,212,3,0,0,0,0,0,0,0,0,0e3084,0,0,0,0,0,0,0,0,0,0,0,0,0,0,0,0,0,0,0
711,711,0,78,151,1,1,1,0,0d0,212,3,0,0,0,0,0,0,0,0,0e3085,0,0,0,0,0,0,0,0,0,0,0,0,0,0,0,0,0,0,0
712,712,0,78,151,1,1,1,0,0d0,212,3,0,0,0,0,0,0,0,0,0e3086,0,0,0,0,0,0,0,0,0,0,0,0,0,0,0,0,0,0,0
713,713,0,79,151,1,1,1,1,0d0,212,3,0,0,0,0,0,0,0,0,0e3087,0,0,0,0,0,0,0,0,0,0,0,0,0,0,0,0,0,0,0
714,714,0,79,151,1,1,1,1,0d0,212,3,0,0,0,0,0,0,0,0,0e3088,0,0,0,0,0,0,0,0,0,0,0,0,0,0,0,0,0,0,0
715,715,0,79,151,1,1,1,0,0d0,212,3,0,0,0,0,0,0,0,0,0e3089,0,0,0,0,0,0,0,0,0,0,0,0,0,0,0,0,0,0,0
716,716,0,79,151,1,1,1,0,0d0,212,3,0,0,0,0,0,0,0,0,0e308a,0,0,0,0,0,0,0,0,0,0,0,0,0,0,0,0,0,0,0
717,717,0,80,151,1,1,1,1,0d0,212,3,0,0,0,0,0,0,0,0,0e308b,0,0,0,0,0,0,0,0,0,0,0,0,0,0,0,0,0,0,0
718,718,0,80,151,1,1,1,1,0d0,212,3,0,0,0,0,0,0,0,0,0e308c,0,0,0,0,0,0,0,0,0,0,0,0,0,0,0,0,0,0,0
719,719,0,80,151,1,1,1,0,0d0,212,3,0,0,0,0,0,0,0,0,0e308d,0,0,0,0,0,0,0,0,0,0,0,0,0,0,0,0,0,0,0
720,720,0,80,151,1,1,1,0,0d0,212,3,0,0,0,0,0,0,0,0,0e308e,0,0,0,0,0,0,0,0,0,0,0,0,0,0,0,0,0,0,0
721,721,0,81,151,1,1,1,1,0d0,212,3,0,0,0,0,0,0,0,0,0e308f,0,0,0,0,0,0,0,0,0,0,0,0,0,0,0,0,0,0,0
722,722,0,81,151,1,1,1,1,0d0,212,3,0,0,0,0,0,0,0,0,0e3090,0,0,0,0,0,0,0,0,0,0,0,0,0,0,0,0,0,0,0
723,723,0,81,151,1,1,1,0,0d0,212,3,0,0,0,0,0,0,0,0,0e3091,0,0,0,0,0,0,0,0,0,0,0,0,0,0,0,0,0,0,0
724,724,0,81,151,1,1,1,0,0d0,212,3,0,0,0,0,0,0,0,0,0e3092,0,0,0,0,0,0,0,0,0,0,0,0,0,0,0,0,0,0,0
725,725,0,82,151,1,1,1,1,0d0,212,3,0,0,0,0,0,0,0,0,0e3093,0,0,0,0,0,0,0,0,0,0,0,0,0,0,0,0,0,0,0
726,726,0,82,151,1,1,1,1,0d0,212,3,0,0,0,0,0,0,0,0,0e3094,0,0,0,0,0,0,0,0,0,0,0,0,0,0,0,0,0,0,0
727,727,0,82,151,1,1,1,0,0d0,212,3,0,0,0,0,0,0,0,0,0e3095,0,0,0,0,0,0,0,0,0,0,0,0,0,0,0,0,0,0,0
728,728,0,82,151,1,1,1,0,0d0,212,3,0,0,0,0,0,0,0,0,0e3096,0,0,0,0,0,0,0,0,0,0,0,0,0,0,0,0,0,0,0
729,729,0,83,151,1,1,1,1,0d0,212,3,0,0,0,0,0,0,0,0,0e3097,0,0,0,0,0,0,0,0,0,0,0,0,0,0,0,0,0,0,0
730,730,0,83,151,1,1,1,1,0d0,212,3,0,0,0,0,0,0,0,0,0e3098,0,0,0,0,0,0,0,0,0,0,0,0,0,0,0,0,0,0,0
731,731,0,83,151,1,1,1,0,0d0,212,3,0,0,0,0,0,0,0,0,0e3099,0,0,0,0,0,0,0,0,0,0,0,0,0,0,0,0,0,0,0
732,732,0,83,151,1,1,1,0,0d0,212,3,0,0,0,0,0,0,0,0,0e309a,0,0,0,0,0,0,0,0,0,0,0,0,0,0,0,0,0,0,0
733,733,0,84,151,1,1,1,1,0d0,212,3,0,0,0,0,0,0,0,0,0e309b,0,0,0,0,0,0,0,0,0,0,0,0,0,0,0,0,0,0,0
734,734,0,84,151,1,1,1,1,0d0,212,3,0,0,0,0,0,0,0,0,0e309c,0,0,0,0,0,0,0,0,0,0,0,0,0,0,0,0,0,0,0
735,735,0,84,151,1,1,1,0,0d0,212,3,0,0,0,0,0,0,0,0,0e309d,0,0,0,0,0,0,0,0,0,0,0,0,0,0,0,0,0,0,0
736,736,0,84,151,1,1,1,0,0d0,212,3,0,0,0,0,0,0,0,0,0e309e,0,0,0,0,0,0,0,0,0,0,0,0,0,0,0,0,0,0,0
737,737,0,85,151,1,1,1,1,0d0,212,3,0,0,0,0,0,0,0,0,0e309f,0,0,0,0,0,0,0,0,0,0,0,0,0,0,0,0,0,0,0
738,738,0,85,151,1,1,1,1,0d0,212,3,0,0,0,0,0,0,0,0,0e30a0,0,0,0,0,0,0,0,0,0,0,0,0,0,0,0,0,0,0,0
739,739,0,85,151,1,1,1,0,0d0,212,3,0,0,0,0,0,0,0,0,0e30a1,0,0,0,0,0,0,0,0,0,0,0,0,0,0,0,0,0,0,0
740,740,0,85,151,1,1,1,0,0d0,212,3,0,0,0,0,0,0,0,0,0e30a2,0,0,0,0,0,0,0,0,0,0,0,0,0,0,0,0,0,0,0
741,741,0,86,151,1,1,1,1,0d0,212,3,0,0,0,0,0,0,0,0,0e30a3,0,0,0,0,0,0,0,0,0,0,0,0,0,0,0,0,0,0,0
742,742,0,86,151,1,1,1,1,0d0,212,3,0,0,0,0,0,0,0,0,0e30a4,0,0,0,0,0,0,0,0,0,0,0,0,0,0,0,0,0,0,0
743,743,0,86,151,1,1,1,0,0d0,212,3,0,0,0,0,0,0,0,0,0e30a5,0,0,0,0,0,0,0,0,0,0,0,0,0,0,0,0,0,0,0
744,744,0,86,151,1,1,1,0,0d0,212,3,0,0,0,0,0,0,0,0,0e30a6,0,0,0,0,0,0,0,0,0,0,0,0,0,0,0,0,0,0,0
745,745,0,87,151,1,1,1,1,0d0,212,3,0,0,0,0,0,0,0,0,0e30a7,0,0,0,0,0,0,0,0,0,0,0,0,0,0,0,0,0,0,0
746,746,0,87,151,1,1,1,1,0d0,212,3,0,0,0,0,0,0,0,0,0e30a8,0,0,0,0,0,0,0,0,0,0,0,0,0,0,0,0,0,0,0
747,747,0,87,151,1,1,1,0,0d0,212,3,0,0,0,0,0,0,0,0,0e30a9,0,0,0,0,0,0,0,0,0,0,0,0,0,0,0,0,0,0,0
748,748,0,87,151,1,1,1,0,0d0,212,3,0,0,0,0,0,0,0,0,0e30aa,0,0,0,0,0,0,0,0,0,0,0,0,0,0,0,0,0,0,0
749,749,0,88,151,1,1,1,1,0d0,212,3,0,0,0,0,0,0,0,0,0e30ab,0,0,0,0,0,0,0,0,0,0,0,0,0,0,0,0,0,0,0
750,750,0,88,151,1,1,1,1,0d0,212,3,0,0,0,0,0,0,0,0,0e30ac,0,0,0,0,0,0,0,0,0,0,0,0,0,0,0,0,0,0,0
751,751,0,88,151,1,1,1,0,0d0,212,3,0,0,0,0,0,0,0,0,0e30ad,0,0,0,0,0,0,0,0,0,0,0,0,0,0,0,0,0,0,0
752,752,0,88,151,1,1,1,0,0d0,212,3,0,0,0,0,0,0,0,0,0e30ae,0,0,0,0,0,0,0,0,0,0,0,0,0,0,0,0,0,0,0
753,753,0,89,151,1,1,1,1,0d0,212,3,0,0,0,0,0,0,0,0,0e30af,0,0,0,0,0,0,0,0,0,0,0,0,0,0,0,0,0,0,0
754,754,0,89,151,1,1,1,1,0d0,212,3,0,0,0,0,0,0,0,0,0e30b0,0,0,0,0,0,0,0,0,0,0,0,0,0,0,0,0,0,0,0
755,755,0,89,151,1,1,1,0,0d0,212,3,0,0,0,0,0,0,0,0,0e30b1,0,0,0,0,0,0,0,0,0,0,0,0,0,0,0,0,0,0,0
756,756,0,89,151,1,1,1,0,0d0,212,3,0,0,0,0,0,0,0,0,0e30b2,0,0,0,0,0,0,0,0,0,0,0,0,0,0,0,0,0,0,0
757,757,0,90,151,1,1,1,1,0d0,212,3,0,0,0,0,0,0,0,0,0e30b3,0,0,0,0,0,0,0,0,0,0,0,0,0,0,0,0,0,0,0
758,758,0,90,151,1,1,1,1,0d0,212,3,0,0,0,0,0,0,0,0,0e30b4,0,0,0,0,0,0,0,0,0,0,0,0,0,0,0,0,0,0,0
759,759,0,90,151,1,1,1,0,0d0,212,3,0,0,0,0,0,0,0,0,0e30b5,0,0,0,0,0,0,0,0,0,0,0,0,0,0,0,0,0,0,0
760,760,0,90,151,1,1,1,0,0d0,212,3,0,0,0,0,0,0,0,0,0e30b6,0,0,0,0,0,0,0,0,0,0,0,0,0,0,0,0,0,0,0
761,761,0,91,151,1,1,1,1,0d0,212,3,0,0,0,0,0,0,0,0,0e30b7,0,0,0,0,0,0,0,0,0,0,0,0,0,0,0,0,0,0,0
762,762,0,91,151,1,1,1,1,0d0,212,3,0,0,0,0,0,0,0,0,0e30b8,0,0,0,0,0,0,0,0,0,0,0,0,0,0,0,0,0,0,0
763,763,0,91,151,1,1,1,0,0d0,212,3,0,0,0,0,0,0,0,0,0e30b9,0,0,0,0,0,0,0,0,0,0,0,0,0,0,0,0,0,0,0
764,764,0,91,151,1,1,1,0,0d0,212,3,0,0,0,0,0,0,0,0,0e30ba,0,0,0,0,0,0,0,0,0,0,0,0,0,0,0,0,0,0,0
765,765,0,92,151,1,1,1,1,0d0,212,3,0,0,0,0,0,0,0,0,0e30bb,0,0,0,0,0,0,0,0,0,0,0,0,0,0,0,0,0,0,0
766,766,0,92,151,1,1,1,1,0d0,212,3,0,0,0,0,0,0,0,0,0e30bc,0,0,0,0,0,0,0,0,0,0,0,0,0,0,0,0,0,0,0
767,767,0,92,151,1,1,1,0,0d0,212,3,0,0,0,0,0,0,0,0,0e30bd,0,0,0,0,0,0,0,0,0,0,0,0,0,0,0,0,0,0,0
768,768,0,92,151,1,1,1,0,0d0,212,3,0,0,0,0,0,0,0,0,0e30be,0,0,0,0,0,0,0,0,0,0,0,0,0,0,0,0,0,0,0
769,769,0,93,151,1,1,1,1,0d0,212,3,0,0,0,0,0,0,0,0,0e30bf,0,0,0,0,0,0,0,0,0,0,0,0,0,0,0,0,0,0,0
770,770,0,93,151,1,1,1,1,0d0,212,3,0,0,0,0,0,0,0,0,0e30c0,0,0,0,0,0,0,0,0,0,0,0,0,0,0,0,0,0,0,0
771,771,0,93,151,1,1,1,0,0d0,212,3,0,0,0,0,0,0,0,0,0e30c1,0,0,0,0,0,0,0,0,0,0,0,0,0,0,0,0,0,0,0
772,772,0,93,151,1,1,1,0,0d0,212,3,0,0,0,0,0,0,0,0,0e30c2,0,0,0,0,0,0,0,0,0,0,0,0,0,0,0,0,0,0,0
773,773,0,94,151,1,1,1,1,0d0,212,3,0,0,0,0,0,0,0,0,0e30c3,0,0,0,0,0,0,0,0,0,0,0,0,0,0,0,0,0,0,0
774,774,0,94,151,1,1,1,1,0d0,212,3,0,0,0,0,0,0,0,0,0e30c4,0,0,0,0,0,0,0,0,0,0,0,0,0,0,0,0,0,0,0
775,775,0,94,151,1,1,1,0,0d0,212,3,0,0,0,0,0,0,0,0,0e30c5,0,0,0,0,0,0,0,0,0,0,0,0,0,0,0,0,0,0,0
776,776,0,94,151,1,1,1,0,0d0,212,3,0,0,0,0,0,0,0,0,0e30c6,0,0,0,0,0,0,0,0,0,0,0,0,0,0,0,0,0,0,0
777,777,0,95,151,1,1,1,1,0d0,212,3,0,0,0,0,0,0,0,0,0e30c7,0,0,0,0,0,0,0,0,0,0,0,0,0,0,0,0,0,0,0
778,778,0,95,151,1,1,1,1,0d0,212,3,0,0,0,0,0,0,0,0,0e30c8,0,0,0,0,0,0,0,0,0,0,0,0,0,0,0,0,0,0,0
779,779,0,95,151,1,1,1,0,0d0,212,3,0,0,0,0,0,0,0,0,0e30c9,0,0,0,0,0,0,0,0,0,0,0,0,0,0,0,0,0,0,0
780,780,0,95,151,1,1,1,0,0d0,212,3,0,0,0,0,0,0,0,0,0e30ca,0,0,0,0,0,0,0,0,0,0,0,0,0,0,0,0,0,0,0
781,781,0,96,151,1,1,1,1,0d0,212,3,0,0,0,0,0,0,0,0,0e30cb,0,0,0,0,0,0,0,0,0,0,0,0,0,0,0,0,0,0,0
782,782,0,96,151,1,1,1,1,0d0,212,3,0,0,0,0,0,0,0,0,0e30cc,0,0,0,0,0,0,0,0,0,0,0,0,0,0,0,0,0,0,0
783,783,0,96,151,1,1,1,0,0d0,212,3,0,0,0,0,0,0,0,0,0e30cd,0,0,0,0,0,0,0,0,0,0,0,0,0,0,0,0,0,0,0
784,784,0,96,151,1,1,1,0,0d0,212,3,0,0,0,0,0,0,0,0,0e30ce,0,0,0,0,0,0,0,0,0,0,0,0,0,0,0,0,0,0,0
785,785,0,97,151,1,1,1,1,0d0,212,3,0,0,0,0,0,0,0,0,0e30cf,0,0,0,0,0,0,0,0,0,0,0,0,0,0,0,0,0,0,0
786,786,0,97,151,1,1,1,1,0d0,212,3,0,0,0,0,0,0,0,0,0e30d0,0,0,0,0,0,0,0,0,0,0,0,0,0,0,0,0,0,0,0
787,787,0,97,151,1,1,1,0,0d0,212,3,0,0,0,0,0,0,0,0,0e30d1,0,0,0,0,0,0,0,0,0,0,0,0,0,0,0,0,0,0,0
788,788,0,97,151,1,1,1,0,0d0,212,3,0,0,0,0,0,0,0,0,0e30d2,0,0,0,0,0,0,0,0,0,0,0,0,0,0,0,0,0,0,0
789,789,0,98,151,1,1,1,1,0d0,212,3,0,0,0,0,0,0,0,0,0e30d3,0,0,0,0,0,0,0,0,0,0,0,0,0,0,0,0,0,0,0
790,790,0,98,151,1,1,1,1,0d0,212,3,0,0,0,0,0,0,0,0,0e30d4,0,0,0,0,0,0,0,0,0,0,0,0,0,0,0,0,0,0,0
791,791,0,98,151,1,1,1,0,0d0,212,3,0,0,0,0,0,0,0,0,0e30d5,0,0,0,0,0,0,0,0,0,0,0,0,0,0,0,0,0,0,0
792,792,0,98,151,1,1,1,0,0d0,212,3,0,0,0,0,0,0,0,0,0e30d6,0,0,0,0,0,0,0,0,0,0,0,0,0,0,0,0,0,0,0
793,793,0,99,151,1,1,1,1,0d0,212,3,0,0,0,0,0,0,0,0,0e30d7,0,0,0,0,0,0,0,0,0,0,0,0,0,0,0,0,0,0,0
794,794,0,99,151,1,1,1,1,0d0,212,3,0,0,0,0,0,0,0,0,0e30d8,0,0,0,0,0,0,0,0,0,0,0,0,0,0,0,0,0,0,0
795,795,0,99,151,1,1,1,0,0d0,212,3,0,0,0,0,0,0,0,0,0e30d9,0,0,0,0,0,0,0,0,0,0,0,0,0,0,0,0,0,0,0
796,796,0,99,151,1,1,1,0,0d0,212,3,0,0,0,0,0,0,0,0,0e30da,0,0,0,0,0,0,0,0,0,0,0,0,0,0,0,0,0,0,0
797,797,0,100,151,1,1,1,1,0d0,212,3,0,0,0,0,0,0,0,0,0e30db,0,0,0,0,0,0,0,0,0,0,0,0,0,0,0,0,0,0,0
798,798,0,100,151,1,1,1,1,0d0,212,3,0,0,0,0,0,0,0,0,0e30dc,0,0,0,0,0,0,0,0,0,0,0,0,0,0,0,0,0,0,0
799,799,0,100,151,1,1,1,0,0d0,212,3,0,0,0,0,0,0,0,0,0e30dd,0,0,0,0,0,0,0,0,0,0,0,0,0,0,0,0,0,0,0
800,800,0,100,151,1,1,1,0,0d0,212,3,0,0,0,0,0,0,0,0,0e30de,0,0,0,0,0,0,0,0,0,0,0,0,0,0,0,0,0,0,0
801,801,0,101,151,1,1,1,1,0d0,212,3,0,0,0,0,0,0,0,0,0e30df,0,0,0,0,0,0,0,0,0,0,0,0,0,0,0,0,0,0,0
802,802,0,101,151,1,1,1,1,0d0,212,3,0,0,0,0,0,0,0,0,0e30e0,0,0,0,0,0,0,0,0,0,0,0,0,0,0,0,0,0,0,0
803,803,0,101,151,1,1,1,0,0d0,212,3,0,0,0,0,0,0,0,0,0e30e1,0,0,0,0,0,0,0,0,0,0,0,0,0,0,0,0,0,0,0
804,804,0,101,151,1,1,1,0,0d0,212,3,0,0,0,0,0,0,0,0,0e30e2,0,0,0,0,0,0,0,0,0,0,0,0,0,0,0,0,0,0,0
805,805,0,102,151,1,1,1,1,0d0,212,3,0,0,0,0,0,0,0,0,0e30e3,0,0,0,0,0,0,0,0,0,0,0,0,0,0,0,0,0,0,0
806,806,0,102,151,1,1,1,1,0d0,212,3,0,0,0,0,0,0,0,0,0e30e4,0,0,0,0,0,0,0,0,0,0,0,0,0,0,0,0,0,0,0
807,807,0,102,151,1,1,1,0,0d0,212,3,0,0,0,0,0,0,0,0,0e30e5,0,0,0,0,0,0,0,0,0,0,0,0,0,0,0,0,0,0,0
808,808,0,102,151,1,1,1,0,0d0,212,3,0,0,0,0,0,0,0,0,0e30e6,0,0,0,0,0,0,0,0,0,0,0,0,0,0,0,0,0,0,0
809,809,0,103,151,1,1,1,1,0d0,212,3,0,0,0,0,0,0,0,0,0e30e7,0,0,0,0,0,0,0,0,0,0,0,0,0,0,0,0,0,0,0
810,810,0,103,151,1,1,1,1,0d0,212,3,0,0,0,0,0,0,0,0,0e30e8,0,0,0,0,0,0,0,0,0,0,0,0,0,0,0,0,0,0,0
811,811,0,103,151,1,1,1,0,0d0,212,3,0,0,0,0,0,0,0,0,0e30e9,0,0,0,0,0,0,0,0,0,0,0,0,0,0,0,0,0,0,0
812,812,0,103,151,1,1,1,0,0d0,212,3,0,0,0,0,0,0,0,0,0e30ea,0,0,0,0,0,0,0,0,0,0,0,0,0,0,0,0,0,0,0
813,813,0,104,151,1,1,1,1,0d0,212,3,0,0,0,0,0,0,0,0,0e30eb,0,0,0,0,0,0,0,0,0,0,0,0,0,0,0,0,0,0,0
814,814,0,104,151,1,1,1,1,0d0,212,3,0,0,0,0,0,0,0,0,0e30ec,0,0,0,0,0,0,0,0,0,0,0,0,0,0,0,0,0,0,0
815,815,0,104,151,1,1,1,0,0d0,212,3,0,0,0,0,0,0,0,0,0e30ed,0,0,0,0,0,0,0,0,0,0,0,0,0,0,0,0,0,0,0
816,816,0,104,151,1,1,1,0,0d0,212,3,0,0,0,0,0,0,0,0,0e30ee,0,0,0,0,0,0,0,0,0,0,0,0,0,0,0,0,0,0,0
817,817,0,105,151,1,1,1,1,0d0,212,3,0,0,0,0,0,0,0,0,0e30ef,0,0,0,0,0,0,0,0,0,0,0,0,0,0,0,0,0,0,0
818,818,0,105,151,1,1,1,1,0d0,212,3,0,0,0,0,0,0,0,0,0e30f0,0,0,0,0,0,0,0,0,0,0,0,0,0,0,0,0,0,0,0
819,819,0,105,151,1,1,1,0,0d0,212,3,0,0,0,0,0,0,0,0,0e30f1,0,0,0,0,0,0,0,0,0,0,0,0,0,0,0,0,0,0,0
820,820,0,105,151,1,1,1,0,0d0,212,3,0,0,0,0,0,0,0,0,0e30f2,0,0,0,0,0,0,0,0,0,0,0,0,0,0,0,0,0,0,0
821,821,0,106,151,1,1,1,1,0d0,212,3,0,0,0,0,0,0,0,0,0e30f3,0,0,0,0,0,0,0,0,0,0,0,0,0,0,0,0,0,0,0
822,822,0,106,151,1,1,1,1,0d0,212,3,0,0,0,0,0,0,0,0,0e30f4,0,0,0,0,0,0,0,0,0,0,0,0,0,0,0,0,0,0,0
823,823,0,106,151,1,1,1,0,0d0,212,3,0,0,0,0,0,0,0,0,0e30f5,0,0,0,0,0,0,0,0,0,0,0,0,0,0,0,0,0,0,0
824,824,0,106,151,1,1,1,0,0d0,212,3,0,0,0,0,0,0,0,0,0e30f6,0,0,0,0,0,0,0,0,0,0,0,0,0,0,0,0,0,0,0
825,825,0,107,151,1,1,1,1,0d0,212,3,0,0,0,0,0,0,0,0,0e30f7,0,0,0,0,0,0,0,0,0,0,0,0,0,0,0,0,0,0,0
826,826,0,107,151,1,1,1,1,0d0,212,3,0,0,0,0,0,0,0,0,0e30f8,0,0,0,0,0,0,0,0,0,0,0,0,0,0,0,0,0,0,0
827,827,0,107,151,1,1,1,0,0d0,212,3,0,0,0,0,0,0,0,0,0e30f9,0,0,0,0,0,0,0,0,0,0,0,0,0,0,0,0,0,0,0
828,828,0,107,151,1,1,1,0,0d0,212,3,0,0,0,0,0,0,0,0,0e30fa,0,0,0,0,0,0,0,0,0,0,0,0,0,0,0,0,0,0,0
829,829,0,108,151,1,1,1,1,0d0,212,3,0,0,0,0,0,0,0,0,0e30fb,0,0,0,0,0,0,0,0,0,0,0,0,0,0,0,0,0,0,0
830,830,0,108,151,1,1,1,1,0d0,212,3,0,0,0,0,0,0,0,0,0e30fc,0,0,0,0,0,0,0,0,0,0,0,0,0,0,0,0,0,0,0
831,831,0,108,151,1,1,1,0,0d0,212,3,0,0,0,0,0,0,0,0,0e30fd,0,0,0,0,0,0,0,0,0,0,0,0,0,0,0,0,0,0,0
832,832,0,108,151,1,1,1,0,0d0,212,3,0,0,0,0,0,0,0,0,0e30fe,0,0,0,0,0,0,0,0,0,0,0,0,0,0,0,0,0,0,0
833,833,0,109,151,1,1,1,1,0d0,212,3,0,0,0,0,0,0,0,0,0e30ff,0,0,0,0,0,0,0,0,0,0,0,0,0,0,0,0,0,0,0
834,834,0,109,151,1,1,1,1,0d0,212,3,0,0,0,0,0,0,0,0,0e3100,0,0,0,0,0,0,0,0,0,0,0,0,0,0,0,0,0,0,0
835,835,0,109,151,1,1,1,0,0d0,212,3,0,0,0,0,0,0,0,0,0e3101,0,0,0,0,0,0,0,0,0,0,0,0,0,0,0,0,0,0,0
836,836,0,109,151,1,1,1,0,0d0,212,3,0,0,0,0,0,0,0,0,0e3102,0,0,0,0,0,0,0,0,0,0,0,0,0,0,0,0,0,0,0
837,837,0,110,151,1,1,1,1,0d0,212,3,0,0,0,0,0,0,0,0,0e3103,0,0,0,0,0,0,0,0,0,0,0,0,0,0,0,0,0,0,0
838,838,0,110,151,1,1,1,1,0d0,212,3,0,0,0,0,0,0,0,0,0e3104,0,0,0,0,0,0,0,0,0,0,0,0,0,0,0,0,0,0,0
839,839,0,110,151,1,1,1,0,0d0,212,3,0,0,0,0,0,0,0,0,0e3105,0,0,0,0,0,0,0,0,0,0,0,0,0,0,0,0,0,0,0
840,840,0,110,151,1,1,1,0,0d0,212,3,0,0,0,0,0,0,0,0,0e3106,0,0,0,0,0,0,0,0,0,0,0,0,0,0,0,0,0,0,0
841,841,0,111,151,1,1,1,1,0d0,212,3,0,0,0,0,0,0,0,0,0e3107,0,0,0,0,0,0,0,0,0,0,0,0,0,0,0,0,0,0,0
842,842,0,111,151,1,1,1,1,0d0,212,3,0,0,0,0,0,0,0,0,0e3108,0,0,0,0,0,0,0,0,0,0,0,0,0,0,0,0,0,0,0
843,843,0,111,151,1,1,1,0,0d0,212,3,0,0,0,0,0,0,0,0,0e3109,0,0,0,0,0,0,0,0,0,0,0,0,0,0,0,0,0,0,0
844,844,0,111,151,1,1,1,0,0d0,212,3,0,0,0,0,0,0,0,0,0e310a,0,0,0,0,0,0,0,0,0,0,0,0,0,0,0,0,0,0,0
845,845,0,112,151,1,1,1,1,0d0,212,3,0,0,0,0,0,0,0,0,0e310b,0,0,0,0,0,0,0,0,0,0,0,0,0,0,0,0,0,0,0
846,846,0,112,151,1,1,1,1,0d0,212,3,0,0,0,0,0,0,0,0,0e310c,0,0,0,0,0,0,0,0,0,0,0,0,0,0,0,0,0,0,0
847,847,0,112,151,1,1,1,0,0d0,212,3,0,0,0,0,0,0,0,0,0e310d,0,0,0,0,0,0,0,0,0,0,0,0,0,0,0,0,0,0,0
848,848,0,112,151,1,1,1,0,0d0,212,3,0,0,0,0,0,0,0,0,0e310e,0,0,0,0,0,0,0,0,0,0,0,0,0,0,0,0,0,0,0
849,849,0,113,151,1,1,1,1,0d0,212,3,0,0,0,0,0,0,0,0,0e310f,0,0,0,0,0,0,0,0,0,0,0,0,0,0,0,0,0,0,0
850,850,0,113,151,1,1,1,1,0d0,212,3,0,0,0,0,0,0,0,0,0e3110,0,0,0,0,0,0,0,0,0,0,0,0,0,0,0,0,0,0,0
851,851,0,113,151,1,1,1,0,0d0,212,3,0,0,0,0,0,0,0,0,0e3111,0,0,0,0,0,0,0,0,0,0,0,0,0,0,0,0,0,0,0
852,852,0,113,151,1,1,1,0,0d0,212,3,0,0,0,0,0,0,0,0,0e3112,0,0,0,0,0,0,0,0,0,0,0,0,0,0,0,0,0,0,0
853,853,0,114,151,1,1,1,1,0d0,212,3,0,0,0,0,0,0,0,0,0e3113,0,0,0,0,0,0,0,0,0,0,0,0,0,0,0,0,0,0,0
854,854,0,114,151,1,1,1,1,0d0,212,3,0,0,0,0,0,0,0,0,0e3114,0,0,0,0,0,0,0,0,0,0,0,0,0,0,0,0,0,0,0
855,855,0,114,151,1,1,1,0,0d0,212,3,0,0,0,0,0,0,0,0,0e3115,0,0,0,0,0,0,0,0,0,0,0,0,0,0,0,0,0,0,0
856,856,0,114,151,1,1,1,0,0d0,212,3,0,0,0,0,0,0,0,0,0e3116,0,0,0,0,0,0,0,0,0,0,0,0,0,0,0,0,0,0,0
857,857,0,115,151,1,1,1,1,0d0,212,3,0,0,0,0,0,0,0,0,0e3117,0,0,0,0,0,0,0,0,0,0,0,0,0,0,0,0,0,0,0
858,858,0,115,151,1,1,1,1,0d0,212,3,0,0,0,0,0,0,0,0,0e3118,0,0,0,0,0,0,0,0,0,0,0,0,0,0,0,0,0,0,0
859,859,0,115,151,1,1,1,0,0d0,212,3,0,0,0,0,0,0,0,0,0e3119,0,0,0,0,0,0,0,0,0,0,0,0,0,0,0,0,0,0,0
860,860,0,115,151,1,1,1,0,0d0,212,3,0,0,0,0,0,0,0,0,0e311a,0,0,0,0,0,0,0,0,0,0,0,0,0,0,0,0,0,0,0
861,861,0,116,151,1,1,1,1,0d0,212,3,0,0,0,0,0,0,0,0,0e311b,0,0,0,0,0,0,0,0,0,0,0,0,0,0,0,0,0,0,0
862,862,0,116,151,1,1,1,1,0d0,212,3,0,0,0,0,0,0,0,0,0e311c,0,0,0,0,0,0,0,0,0,0,0,0,0,0,0,0,0,0,0
863,863,0,116,151,1,1,1,0,0d0,212,3,0,0,0,0,0,0,0,0,0e311d,0,0,0,0,0,0,0,0,0,0,0,0,0,0,0,0,0,0,0
864,864,0,116,151,1,1,1,0,0d0,212,3,0,0,0,0,0,0,0,0,0e311e,0,0,0,0,0,0,0,0,0,0,0,0,0,0,0,0,0,0,0
865,865,0,117,151,1,1,1,1,0d0,212,3,0,0,0,0,0,0,0,0,0e311f,0,0,0,0,0,0,0,0,0,0,0,0,0,0,0,0,0,0,0
866,866,0,117,151,1,1,1,1,0d0,212,3,0,0,0,0,0,0,0,0,0e3120,0,0,0,0,0,0,0,0,0,0,0,0,0,0,0,0,0,0,0
867,867,0,117,151,1,1,1,0,0d0,212,3,0,0,0,0,0,0,0,0,0e3121,0,0,0,0,0,0,0,0,0,0,0,0,0,0,0,0,0,0,0
868,868,0,117,151,1,1,1,0,0d0,212,3,0,0,0,0,0,0,0,0,0e3122,0,0,0,0,0,0,0,0,0,0,0,0,0,0,0,0,0,0,0
869,869,0,118,151,1,1,1,1,0d0,212,3,0,0,0,0,0,0,0,0,0e3123,0,0,0,0,0,0,0,0,0,0,0,0,0,0,0,0,0,0,0
870,870,0,118,151,1,1,1,1,0d0,212,3,0,0,0,0,0,0,0,0,0e3124,0,0,0,0,0,0,0,0,0,0,0,0,0,0,0,0,0,0,0
871,871,0,118,151,1,1,1,0,0d0,212,3,0,0,0,0,0,0,0,0,0e3125,0,0,0,0,0,0,0,0,0,0,0,0,0,0,0,0,0,0,0
872,872,0,118,151,1,1,1,0,0d0,212,3,0,0,0,0,0,0,0,0,0e3126,0,0,0,0,0,0,0,0,0,0,0,0,0,0,0,0,0,0,0
873,873,0,119,151,1,1,1,1,0d0,212,3,0,0,0,0,0,0,0,0,0e3127,0,0,0,0,0,0,0,0,0,0,0,0,0,0,0,0,0,0,0
874,874,0,119,151,1,1,1,1,0d0,212,3,0,0,0,0,0,0,0,0,0e3128,0,0,0,0,0,0,0,0,0,0,0,0,0,0,0,0,0,0,0
875,875,0,119,151,1,1,1,0,0d0,212,3,0,0,0,0,0,0,0,0,0e3129,0,0,0,0,0,0,0,0,0,0,0,0,0,0,0,0,0,0,0
876,876,0,119,151,1,1,1,0,0d0,212,3,0,0,0,0,0,0,0,0,0e312a,0,0,0,0,0,0,0,0,0,0,0,0,0,0,0,0,0,0,0
877,877,0,120,151,1,1,1,1,0d0,212,3,0,0,0,0,0,0,0,0,0e312b,0,0,0,0,0,0,0,0,0,0,0,0,0,0,0,0,0,0,0
878,878,0,120,151,1,1,1,1,0d0,212,3,0,0,0,0,0,0,0,0,0e312c,0,0,0,0,0,0,0,0,0,0,0,0,0,0,0,0,0,0,0
879,879,0,120,151,1,1,1,0,0d0,212,3,0,0,0,0,0,0,0,0,0e312d,0,0,0,0,0,0,0,0,0,0,0,0,0,0,0,0,0,0,0
880,880,0,120,151,1,1,1,0,0d0,212,3,0,0,0,0,0,0,0,0,0e312e,0,0,0,0,0,0,0,0,0,0,0,0,0,0,0,0,0,0,0
881,881,0,121,151,1,1,1,1,0d0,212,3,0,0,0,0,0,0,0,0,0e312f,0,0,0,0,0,0,0,0,0,0,0,0,0,0,0,0,0,0,0
882,882,0,121,151,1,1,1,1,0d0,212,3,0,0,0,0,0,0,0,0,0e3130,0,0,0,0,0,0,0,0,0,0,0,0,0,0,0,0,0,0,0
883,883,0,121,151,1,1,1,0,0d0,212,3,0,0,0,0,0,0,0,0,0e3131,0,0,0,0,0,0,0,0,0,0,0,0,0,0,0,0,0,0,0
884,884,0,121,151,1,1,1,0,0d0,212,3,0,0,0,0,0,0,0,0,0e3132,0,0,0,0,0,0,0,0,0,0,0,0,0,0,0,0,0,0,0
885,885,0,122,151,1,1,1,1,0d0,212,3,0,0,0,0,0,0,0,0,0e3133,0,0,0,0,0,0,0,0,0,0,0,0,0,0,0,0,0,0,0
886,886,0,122,151,1,1,1,1,0d0,212,3,0,0,0,0,0,0,0,0,0e3134,0,0,0,0,0,0,0,0,0,0,0,0,0,0,0,0,0,0,0
887,887,0,122,151,1,1,1,0,0d0,212,3,0,0,0,0,0,0,0,0,0e3135,0,0,0,0,0,0,0,0,0,0,0,0,0,0,0,0,0,0,0
888,888,0,122,151,1,1,1,0,0d0,212,3,0,0,0,0,0,0,0,0,0e3136,0,0,0,0,0,0,0,0,0,0,0,0,0,0,0,0,0,0,0
889,889,0,123,151,1,1,1,1,0d0,212,3,0,0,0,0,0,0,0,0,0e3137,0,0,0,0,0,0,0,0,0,0,0,0,0,0,0,0,0,0,0
890,890,0,123,151,1,1,1,1,0d0,212,3,0,0,0,0,0,0,0,0,0e3138,0,0,0,0,0,0,0,0,0,0,0,0,0,0,0,0,0,0,0
891,891,0,123,151,1,1,1,0,0d0,212,3,0,0,0,0,0,0,0,0,0e3139,0,0,0,0,0,0,0,0,0,0,0,0,0,0,0,0,0,0,0
892,892,0,123,151,1,1,1,0,0d0,212,3,0,0,0,0,0,0,0,0,0e313a,0,0,0,0,0,0,0,0,0,0,0,0,0,0,0,0,0,0,0
893,893,0,124,151,1,1,1,1,0d0,212,3,0,0,0,0,0,0,0,0,0e313b,0,0,0,0,0,0,0,0,0,0,0,0,0,0,0,0,0,0,0
894,894,0,124,151,1,1,1,1,0d0,212,3,0,0,0,0,0,0,0,0,0e313c,0,0,0,0,0,0,0,0,0,0,0,0,0,0,0,0,0,0,0
895,895,0,124,151,1,1,1,0,0d0,212,3,0,0,0,0,0,0,0,0,0e313d,0,0,0,0,0,0,0,0,0,0,0,0,0,0,0,0,0,0,0
896,896,0,124,151,1,1,1,0,0d0,212,3,0,0,0,0,0,0,0,0,0e313e,0,0,0,0,0,0,0,0,0,0,0,0,0,0,0,0,0,0,0
897,897,0,125,151,1,1,1,1,0d0,212,3,0,0,0,0,0,0,0,0,0e313f,0,0,0,0,0,0,0,0,0,0,0,0,0,0,0,0,0,0,0
898,898,0,125,151,1,1,1,1,0d0,212,3,0,0,0,0,0,0,0,0,0e3140,0,0,0,0,0,0,0,0,0,0,0,0,0,0,0,0,0,0,0
899,899,0,125,151,1,1,1,0,0d0,212,3,0,0,0,0,0,0,0,0,0e3141,0,0,0,0,0,0,0,0,0,0,0,0,0,0,0,0,0,0,0
900,900,0,125,151,1,1,1,0,0d0,212,3,0,0,0,0,0,0,0,0,0e3142,0,0,0,0,0,0,0,0,0,0,0,0,0,0,0,0,0,0,0
901,901,0,126,151,1,1,1,1,0d0,212,3,0,0,0,0,0,0,0,0,0e3143,0,0,0,0,0,0,0,0,0,0,0,0,0,0,0,0,0,0,0
902,902,0,126,151,1,1,1,1,0d0,212,3,0,0,0,0,0,0,0,0,0e3144,0,0,0,0,0,0,0,0,0,0,0,0,0,0,0,0,0,0,0
903,903,0,126,151,1,1,1,0,0d0,212,3,0,0,0,0,0,0,0,0,0e3145,0,0,0,0,0,0,0,0,0,0,0,0,0,0,0,0,0,0,0
904,904,0,126,151,1,1,1,0,0d0,212,3,0,0,0,0,0,0,0,0,0e3146,0,0,0,0,0,0,0,0,0,0,0,0,0,0,0,0,0,0,0
905,905,0,127,151,1,1,1,1,0d0,212,3,0,0,0,0,0,0,0,0,0e3147,0,0,0,0,0,0,0,0,0,0,0,0,0,0,0,0,0,0,0
906,906,0,127,151,1,1,1,1,0d0,212,3,0,0,0,0,0,0,0,0,0e3148,0,0,0,0,0,0,0,0,0,0,0,0,0,0,0,0,0,0,0
907,907,0,127,151,1,1,1,0,0d0,212,3,0,0,0,0,0,0,0,0,0e3149,0,0,0,0,0,0,0,0,0,0,0,0,0,0,0,0,0,0,0
908,908,0,127,151,1,1,1,0,0d0,212,3,0,0,0,0,0,0,0,0,0e314a,0,0,0,0,0,0,0,0,0,0,0,0,0,0,0,0,0,0,0
909,909,0,128,151,1,1,1,1,0d0,212,3,0,0,0,0,0,0,0,0,0e314b,0,0,0,0,0,0,0,0,0,0,0,0,0,0,0,0,0,0,0
910,910,0,128,151,1,1,1,1,0d0,212,3,0,0,0,0,0,0,0,0,0e314c,0,0,0,0,0,0,0,0,0,0,0,0,0,0,0,0,0,0,0
911,911,0,128,151,1,1,1,0,0d0,212,3,0,0,0,0,0,0,0,0,0e314d,0,0,0,0,0,0,0,0,0,0,0,0,0,0,0,0,0,0,0
912,912,0,128,151,1,1,1,0,0d0,212,3,0,0,0,0,0,0,0,0,0e314e,0,0,0,0,0,0,0,0,0,0,0,0,0,0,0,0,0,0,0
913,913,0,129,151,1,1,1,1,0d0,212,3,0,0,0,0,0,0,0,0,0e314f,0,0,0,0,0,0,0,0,0,0,0,0,0,0,0,0,0,0,0
914,914,0,129,151,1,1,1,1,0d0,212,3,0,0,0,0,0,0,0,0,0e3150,0,0,0,0,0,0,0,0,0,0,0,0,0,0,0,0,0,0,0
915,915,0,129,151,1,1,1,0,0d0,212,3,0,0,0,0,0,0,0,0,0e3151,0,0,0,0,0,0,0,0,0,0,0,0,0,0,0,0,0,0,0
916,916,0,129,151,1,1,1,0,0d0,212,3,0,0,0,0,0,0,0,0,0e3152,0,0,0,0,0,0,0,0,0,0,0,0,0,0,0,0,0,0,0
917,917,0,130,151,1,1,1,1,0d0,212,3,0,0,0,0,0,0,0,0,0e3153,0,0,0,0,0,0,0,0,0,0,0,0,0,0,0,0,0,0,0
918,918,0,130,151,1,1,1,1,0d0,212,3,0,0,0,0,0,0,0,0,0e3154,0,0,0,0,0,0,0,0,0,0,0,0,0,0,0,0,0,0,0
919,919,0,130,151,1,1,1,0,0d0,212,3,0,0,0,0,0,0,0,0,0e3155,0,0,0,0,0,0,0,0,0,0,0,0,0,0,0,0,0,0,0
920,920,0,130,151,1,1,1,0,0d0,212,3,0,0,0,0,0,0,0,0,0e3156,0,0,0,0,0,0,0,0,0,0,0,0,0,0,0,0,0,0,0
921,921,0,131,151,1,1,1,1,0d0,212,3,0,0,0,0,0,0,0,0,0e3157,0,0,0,0,0,0,0,0,0,0,0,0,0,0,0,0,0,0,0
922,922,0,131,151,1,1,1,1,0d0,212,3,0,0,0,0,0,0,0,0,0e3158,0,0,0,0,0,0,0,0,0,0,0,0,0,0,0,0,0,0,0
923,923,0,131,151,1,1,1,0,0d0,212,3,0,0,0,0,0,0,0,0,0e3159,0,0,0,0,0,0,0,0,0,0,0,0,0,0,0,0,0,0,0
924,924,0,131,151,1,1,1,0,0d0,212,3,0,0,0,0,0,0,0,0,0e315a,0,0,0,0,0,0,0,0,0,0,0,0,0,0,0,0,0,0,0
925,925,0,132,151,1,1,1,1,0d0,212,3,0,0,0,0,0,0,0,0,0e315b,0,0,0,0,0,0,0,0,0,0,0,0,0,0,0,0,0,0,0
926,926,0,132,151,1,1,1,1,0d0,212,3,0,0,0,0,0,0,0,0,0e315c,0,0,0,0,0,0,0,0,0,0,0,0,0,0,0,0,0,0,0
927,927,0,132,151,1,1,1,0,0d0,212,3,0,0,0,0,0,0,0,0,0e315d,0,0,0,0,0,0,0,0,0,0,0,0,0,0,0,0,0,0,0
928,928,0,132,151,1,1,1,0,0d0,212,3,0,0,0,0,0,0,0,0,0e315e,0,0,0,0,0,0,0,0,0,0,0,0,0,0,0,0,0,0,0
929,929,0,133,151,1,1,1,1,0d0,212,3,0,0,0,0,0,0,0,0,0e315f,0,0,0,0,0,0,0,0,0,0,0,0,0,0,0,0,0,0,0
930,930,0,133,151,1,1,1,1,0d0,212,3,0,0,0,0,0,0,0,0,0e3160,0,0,0,0,0,0,0,0,0,0,0,0,0,0,0,0,0,0,0
931,931,0,133,151,1,1,1,0,0d0,212,3,0,0,0,0,0,0,0,0,0e3161,0,0,0,0,0,0,0,0,0,0,0,0,0,0,0,0,0,0,0
932,932,0,133,151,1,1,1,0,0d0,212,3,0,0,0,0,0,0,0,0,0e3162,0,0,0,0,0,0,0,0,0,0,0,0,0,0,0,0,0,0,0
933,933,0,134,151,1,1,1,1,0d0,212,3,0,0,0,0,0,0,0,0,0e3163,0,0,0,0,0,0,0,0,0,0,0,0,0,0,0,0,0,0,0
934,934,0,134,151,1,1,1,1,0d0,212,3,0,0,0,0,0,0,0,0,0e3164,0,0,0,0,0,0,0,0,0,0,0,0,0,0,0,0,0,0,0
935,935,0,134,151,1,1,1,0,0d0,212,3,0,0,0,0,0,0,0,0,0e3165,0,0,0,0,0,0,0,0,0,0,0,0,0,0,0,0,0,0,0
936,936,0,134,151,1,1,1,0,0d0,212,3,0,0,0,0,0,0,0,0,0e3166,0,0,0,0,0,0,0,0,0,0,0,0,0,0,0,0,0,0,0
937,937,0,135,151,1,1,1,1,0d0,212,3,0,0,0,0,0,0,0,0,0e3167,0,0,0,0,0,0,0,0,0,0,0,0,0,0,0,0,0,0,0
938,938,0,135,151,1,1,1,1,0d0,212,3,0,0,0,0,0,0,0,0,0e3168,0,0,0,0,0,0,0,0,0,0,0,0,0,0,0,0,0,0,0
939,939,0,135,151,1,1,1,0,0d0,212,3,0,0,0,0,0,0,0,0,0e3169,0,0,0,0,0,0,0,0,0,0,0,0,0,0,0,0,0,0,0
940,940,0,135,151,1,1,1,0,0d0,212,3,0,0,0,0,0,0,0,0,0e316a,0,0,0,0,0,0,0,0,0,0,0,0,0,0,0,0,0,0,0
941,941,0,136,151,1,1,1,1,0d0,212,3,0,0,0,0,0,0,0,0,0e316b,0,0,0,0,0,0,0,0,0,0,0,0,0,0,0,0,0,0,0
942,942,0,136,151,1,1,1,1,0d0,212,3,0,0,0,0,0,0,0,0,0e316c,0,0,0,0,0,0,0,0,0,0,0,0,0,0,0,0,0,0,0
943,943,0,136,151,1,1,1,0,0d0,212,3,0,0,0,0,0,0,0,0,0e316d,0,0,0,0,0,0,0,0,0,0,0,0,0,0,0,0,0,0,0
944,944,0,136,151,1,1,1,0,0d0,212,3,0,0,0,0,0,0,0,0,0e316e,0,0,0,0,0,0,0,0,0,0,0,0,0,0,0,0,0,0,0
945,945,0,137,151,1,1,1,1,0d0,212,3,0,0,0,0,0,0,0,0,0e316f,0,0,0,0,0,0,0,0,0,0,0,0,0,0,0,0,0,0,0
946,946,0,137,151,1,1,1,1,0d0,212,3,0,0,0,0,0,0,0,0,0e3170,0,0,0,0,0,0,0,0,0,0,0,0,0,0,0,0,0,0,0
947,947,0,137,151,1,1,1,0,0d0,212,3,0,0,0,0,0,0,0,0,0e3171,0,0,0,0,0,0,0,0,0,0,0,0,0,0,0,0,0,0,0
948,948,0,137,151,1,1,1,0,0d0,212,3,0,0,0,0,0,0,0,0,0e3172,0,0,0,0,0,0,0,0,0,0,0,0,0,0,0,0,0,0,0
949,949,0,138,151,1,1,1,1,0d0,212,3,0,0,0,0,0,0,0,0,0e3173,0,0,0,0,0,0,0,0,0,0,0,0,0,0,0,0,0,0,0
950,950,0,138,151,1,1,1,1,0d0,212,3,0,0,0,0,0,0,0,0,0e3174,0,0,0,0,0,0,0,0,0,0,0,0,0,0,0,0,0,0,0
951,951,0,138,151,1,1,1,0,0d0,212,3,0,0,0,0,0,0,0,0,0e3175,0,0,0,0,0,0,0,0,0,0,0,0,0,0,0,0,0,0,0
952,952,0,138,151,1,1,1,0,0d0,212,3,0,0,0,0,0,0,0,0,0e3176,0,0,0,0,0,0,0,0,0,0,0,0,0,0,0,0,0,0,0
953,953,0,139,151,1,1,1,1,0d0,212,3,0,0,0,0,0,0,0,0,0e3177,0,0,0,0,0,0,0,0,0,0,0,0,0,0,0,0,0,0,0
954,954,0,139,151,1,1,1,1,0d0,212,3,0,0,0,0,0,0,0,0,0e3178,0,0,0,0,0,0,0,0,0,0,0,0,0,0,0,0,0,0,0
955,955,0,139,151,1,1,1,0,0d0,212,3,0,0,0,0,0,0,0,0,0e3179,0,0,0,0,0,0,0,0,0,0,0,0,0,0,0,0,0,0,0
956,956,0,139,151,1,1,1,0,0d0,212,3,0,0,0,0,0,0,0,0,0e317a,0,0,0,0,0,0,0,0,0,0,0,0,0,0,0,0,0,0,0
957,957,0,140,151,1,1,1,1,0d0,212,3,0,0,0,0,0,0,0,0,0e317b,0,0,0,0,0,0,0,0,0,0,0,0,0,0,0,0,0,0,0
958,958,0,140,151,1,1,1,1,0d0,212,3,0,0,0,0,0,0,0,0,0e317c,0,0,0,0,0,0,0,0,0,0,0,0,0,0,0,0,0,0,0
959,959,0,140,151,1,1,1,0,0d0,212,3,0,0,0,0,0,0,0,0,0e317d,0,0,0,0,0,0,0,0,0,0,0,0,0,0,0,0,0,0,0
960,960,0,140,151,1,1,1,0,0d0,212,3,0,0,0,0,0,0,0,0,0e317e,0,0,0,0,0,0,0,0,0,0,0,0,0,0,0,0,0,0,0
961,961,0,141,151,1,1,1,1,0d0,212,3,0,0,0,0,0,0,0,0,0e317f,0,0,0,0,0,0,0,0,0,0,0,0,0,0,0,0,0,0,0
962,962,0,141,151,1,1,1,1,0d0,212,3,0,0,0,0,0,0,0,0,0e3180,0,0,0,0,0,0,0,0,0,0,0,0,0,0,0,0,0,0,0
963,963,0,141,151,1,1,1,0,0d0,212,3,0,0,0,0,0,0,0,0,0e3181,0,0,0,0,0,0,0,0,0,0,0,0,0,0,0,0,0,0,0
964,964,0,141,151,1,1,1,0,0d0,212,3,0,0,0,0,0,0,0,0,0e3182,0,0,0,0,0,0,0,0,0,0,0,0,0,0,0,0,0,0,0
965,965,0,142,151,1,1,1,1,0d0,212,3,0,0,0,0,0,0,0,0,0e3183,0,0,0,0,0,0,0,0,0,0,0,0,0,0,0,0,0,0,0
966,966,0,142,151,1,1,1,1,0d0,212,3,0,0,0,0,0,0,0,0,0e3184,0,0,0,0,0,0,0,0,0,0,0,0,0,0,0,0,0,0,0
967,967,0,142,151,1,1,1,0,0d0,212,3,0,0,0,0,0,0,0,0,0e3185,0,0,0,0,0,0,0,0,0,0,0,0,0,0,0,0,0,0,0
968,968,0,142,151,1,1,1,0,0d0,212,3,0,0,0,0,0,0,0,0,0e3186,0,0,0,0,0,0,0,0,0,0,0,0,0,0,0,0,0,0,0
969,969,0,143,151,1,1,1,1,0d0,212,3,0,0,0,0,0,0,0,0,0e3187,0,0,0,0,0,0,0,0,0,0,0,0,0,0,0,0,0,0,0
970,970,0,143,151,1,1,1,1,0d0,212,3,0,0,0,0,0,0,0,0,0e3188,0,0,0,0,0,0,0,0,0,0,0,0,0,0,0,0,0,0,0
971,971,0,143,151,1,1,1,0,0d0,212,3,0,0,0,0,0,0,0,0,0e3189,0,0,0,0,0,0,0,0,0,0,0,0,0,0,0,0,0,0,0
972,972,0,143,151,1,1,1,0,0d0,212,3,0,0,0,0,0,0,0,0,0e318a,0,0,0,0,0,0,0,0,0,0,0,0,0,0,0,0,0,0,0
973,973,0,144,151,1,1,1,1,0d0,212,3,0,0,0,0,0,0,0,0,0e318b,0,0,0,0,0,0,0,0,0,0,0,0,0,0,0,0,0,0,0
974,974,0,144,151,1,1,1,1,0d0,212,3,0,0,0,0,0,0,0,0,0e318c,0,0,0,0,0,0,0,0,0,0,0,0,0,0,0,0,0,0,0
975,975,0,144,151,1,1,1,0,0d0,212,3,0,0,0,0,0,0,0,0,0e318d,0,0,0,0,0,0,0,0,0,0,0,0,0,0,0,0,0,0,0
976,976,0,144,151,1,1,1,0,0d0,212,3,0,0,0,0,0,0,0,0,0e318e,0,0,0,0,0,0,0,0,0,0,0,0,0,0,0,0,0,0,0
977,977,0,145,151,1,1,1,1,0d0,212,3,0,0,0,0,0,0,0,0,0e318f,0,0,0,0,0,0,0,0,0,0,0,0,0,0,0,0,0,0,0
978,978,0,145,151,1,1,1,1,0d0,212,3,0,0,0,0,0,0,0,0,0e3190,0,0,0,0,0,0,0,0,0,0,0,0,0,0,0,0,0,0,0
979,979,0,145,151,1,1,1,0,0d0,212,3,0,0,0,0,0,0,0,0,0e3191,0,0,0,0,0,0,0,0,0,0,0,0,0,0,0,0,0,0,0
980,980,0,145,151,1,1,1,0,0d0,212,3,0,0,0,0,0,0,0,0,0e3192,0,0,0,0,0,0,0,0,0,0,0,0,0,0,0,0,0,0,0
981,981,0,146,151,1,1,1,1,0d0,212,3,0,0,0,0,0,0,0,0,0e3193,0,0,0,0,0,0,0,0,0,0,0,0,0,0,0,0,0,0,0
982,982,0,146,151,1,1,1,1,0d0,212,3,0,0,0,0,0,0,0,0,0e3194,0,0,0,0,0,0,0,0,0,0,0,0,0,0,0,0,0,0,0
983,983,0,146,151,1,1,1,0,0d0,212,3,0,0,0,0,0,0,0,0,0e3195,0,0,0,0,0,0,0,0,0,0,0,0,0,0,0,0,0,0,0
984,984,0,146,151,1,1,1,0,0d0,212,3,0,0,0,0,0,0,0,0,0e3196,0,0,0,0,0,0,0,0,0,0,0,0,0,0,0,0,0,0,0
985,985,0,147,151,1,1,1,1,0d0,212,3,0,0,0,0,0,0,0,0,0e3197,0,0,0,0,0,0,0,0,0,0,0,0,0,0,0,0,0,0,0
986,986,0,147,151,1,1,1,1,0d0,212,3,0,0,0,0,0,0,0,0,0e3198,0,0,0,0,0,0,0,0,0,0,0,0,0,0,0,0,0,0,0
987,987,0,147,151,1,1,1,0,0d0,212,3,0,0,0,0,0,0,0,0,0e3199,0,0,0,0,0,0,0,0,0,0,0,0,0,0,0,0,0,0,0
988,988,0,147,151,1,1,1,0,0d0,212,3,0,0,0,0,0,0,0,0,0e319a,0,0,0,0,0,0,0,0,0,0,0,0,0,0,0,0,0,0,0
989,989,0,148,151,1,1,1,1,0d0,212,3,0,0,0,0,0,0,0,0,0e319b,0,0,0,0,0,0,0,0,0,0,0,0,0,0,0,0,0,0,0
990,990,0,148,151,1,1,1,1,0d0,212,3,0,0,0,0,0,0,0,0,0e319c,0,0,0,0,0,0,0,0,0,0,0,0,0,0,0,0,0,0,0
991,991,0,148,151,1,1,1,0,0d0,212,3,0,0,0,0,0,0,0,0,0e319d,0,0,0,0,0,0,0,0,0,0,0,0,0,0,0,0,0,0,0
992,992,0,148,151,1,1,1,0,0d0,212,3,0,0,0,0,0,0,0,0,0e319e,0,0,0,0,0,0,0,0,0,0,0,0,0,0,0,0,0,0,0
993,993,0,149,151,1,1,1,1,0d0,212,3,0,0,0,0,0,0,0,0,0e319f,0,0,0,0,0,0,0,0,0,0,0,0,0,0,0,0,0,0,0
994,994,0,149,151,1,1,1,1,0d0,212,3,0,0,0,0,0,0,0,0,0e31a0,0,0,0,0,0,0,0,0,0,0,0,0,0,0,0,0,0,0,0
995,995,0,149,151,1,1,1,0,0d0,212,3,0,0,0,0,0,0,0,0,0e31a1,0,0,0,0,0,0,0,0,0,0,0,0,0,0,0,0,0,0,0
996,996,0,149,151,1,1,1,0,0d0,212,3,0,0,0,0,0,0,0,0,0e31a2,0,0,0,0,0,0,0,0,0,0,0,0,0,0,0,0,0,0,0
997,997,0,150,151,1,1,1,1,0d0,212,3,0,0,0,0,0,0,0,0,0e31a3,0,0,0,0,0,0,0,0,0,0,0,0,0,0,0,0,0,0,0
998,998,0,150,151,1,1,1,1,0d0,212,3,0,0,0,0,0,0,0,0,0e31a4,0,0,0,0,0,0,0,0,0,0,0,0,0,0,0,0,0,0,0
999,999,0,150,151,1,1,1,0,0d0,212,3,0,0,0,0,0,0,0,0,0e31a5,0,0,0,0,0,0,0,0,0,0,0,0,0,0,0,0,0,0,0
1000,1000,0,150,151,1,1,1,0,0d0,212,3,0,0,0,0,0,0,0,0,0e31a6,0,0,0,0,0,0,0,0,0,0,0,0,0,0,0,0,0,0,0
1001,1001,0,151,151,1,1,1,1,0d0,212,3,0,0,0,0,0,0,0,0,0e31a7,0,0,0,0,0,0,0,0,0,0,0,0,0,0,0,0,0,0,0
1002,1002,0,151,151,1,1,1,1,0d0,212,3,0,0,0,0,0,0,0,0,0e31a8,0,0,0,0,0,0,0,0,0,0,0,0,0,0,0,0,0,0,0
1003,1003,0,151,151,1,1,1,0,0d0,212,3,0,0,0,0,0,0,0,0,0e31a9,0,0,0,0,0,0,0,0,0,0,0,0,0,0,0,0,0,0,0
1004,1004,0,151,151,1,1,1,0,0d0,212,3,0,0,0,0,0,0,0,0,0e31aa,0,0,0,0,0,0,0,0,0,0,0,0,0,0,0,0,0,0,0
1005,1005,0,152,151,1,1,1,1,0d0,212,3,0,0,0,0,0,0,0,0,0e31ab,0,0,0,0,0,0,0,0,0,0,0,0,0,0,0,0,0,0,0
1006,1006,0,152,151,1,1,1,1,0d0,212,3,0,0,0,0,0,0,0,0,0e31ac,0,0,0,0,0,0,0,0,0,0,0,0,0,0,0,0,0,0,0
1007,1007,0,152,151,1,1,1,0,0d0,212,3,0,0,0,0,0,0,0,0,0e31ad,0,0,0,0,0,0,0,0,0,0,0,0,0,0,0,0,0,0,0
1008,1008,0,152,151,1,1,1,0,0d0,212,3,0,0,0,0,0,0,0,0,0e31ae,0,0,0,0,0,0,0,0,0,0,0,0,0,0,0,0,0,0,0
1009,1009,0,153,151,1,1,1,1,0d0,212,3,0,0,0,0,0,0,0,0,0e31af,0,0,0,0,0,0,0,0,0,0,0,0,0,0,0,0,0,0,0
1010,1010,0,153,151,1,1,1,1,0d0,212,3,0,0,0,0,0,0,0,0,0e31b0,0,0,0,0,0,0,0,0,0,0,0,0,0,0,0,0,0,0,0
1011,1011,0,153,151,1,1,1,0,0d0,212,3,0,0,0,0,0,0,0,0,0e31b1,0,0,0,0,0,0,0,0,0,0,0,0,0,0,0,0,0,0,0
1012,1012,0,153,151,1,1,1,0,0d0,212,3,0,0,0,0,0,0,0,0,0e31b2,0,0,0,0,0,0,0,0,0,0,0,0,0,0,0,0,0,0,0
1013,1013,0,154,151,1,1,1,1,0d0,212,3,0,0,0,0,0,0,0,0,0e31b3,0,0,0,0,0,0,0,0,0,0,0,0,0,0,0,0,0,0,0
1014,1014,0,154,151,1,1,1,1,0d0,212,3,0,0,0,0,0,0,0,0,0e31b4,0,0,0,0,0,0,0,0,0,0,0,0,0,0,0,0,0,0,0
1015,1015,0,154,151,1,1,1,0,0d0,212,3,0,0,0,0,0,0,0,0,0e31b5,0,0,0,0,0,0,0,0,0,0,0,0,0,0,0,0,0,0,0
1016,1016,0,154,151,1,1,1,0,0d0,212,3,0,0,0,0,0,0,0,0,0e31b6,0,0,0,0,0,0,0,0,0,0,0,0,0,0,0,0,0,0,0
1017,1017,0,155,151,1,1,1,1,0d0,212,3,0,0,0,0,0,0,0,0,0e31b7,0,0,0,0,0,0,0,0,0,0,0,0,0,0,0,0,0,0,0
1018,1018,0,155,151,1,1,1,1,0d0,212,3,0,0,0,0,0,0,0,0,0e31b8,0,0,0,0,0,0,0,0,0,0,0,0,0,0,0,0,0,0,0
1019,1019,0,155,151,1,1,1,0,0d0,212,3,0,0,0,0,0,0,0,0,0e31b9,0,0,0,0,0,0,0,0,0,0,0,0,0,0,0,0,0,0,0
1020,1020,0,155,151,1,1,1,0,0d0,212,3,0,0,0,0,0,0,0,0,0e31ba,0,0,0,0,0,0,0,0,0,0,0,0,0,0,0,0,0,0,0
1021,1021,0,156,151,1,1,1,1,0d0,212,3,0,0,0,0,0,0,0,0,0e31bb,0,0,0,0,0,0,0,0,0,0,0,0,0,0,0,0,0,0,0
1022,1022,0,156,151,1,1,1,1,0d0,212,3,0,0,0,0,0,0,0,0,0e31bc,0,0,0,0,0,0,0,0,0,0,0,0,0,0,0,0,0,0,0
1023,1023,0,156,151,1,1,1,0,0d0,212,3,0,0,0,0,0,0,0,0,0e31bd,0,0,0,0,0,0,0,0,0,0,0,0,0,0,0,0,0,0,0
